
[2026-07-20T22:14:06.005Z] [uncaughtException]
Error: listen EADDRINUSE: address already in use :::6089
    at Server.setupListenHandle [as _listen2] (node:net:2008:16)
    at listenInCluster (node:net:2065:12)
    at Server.listen (node:net:2170:7)
    at Object.<anonymous> (/Users/yvesyotatchoffo/Mon Drive/Anyhomes/01_Product/01_MVP/Code/Backend/api_bookaro-lovepreet/server.js:283:13)
    at Module._compile (node:internal/modules/cjs/loader:1829:14)
    at Module._extensions..js (node:internal/modules/cjs/loader:1969:10)
    at Module.load (node:internal/modules/cjs/loader:1552:32)
    at Module._load (node:internal/modules/cjs/loader:1354:12)
    at wrapModuleLoad (node:internal/modules/cjs/loader:255:19)
    at Module.executeUserEntryPoint [as runMain] (node:internal/modules/run_main:154:5)
────────────────────────────────────────────────────────────────────────────────
[2026-07-20T22:37:09.408Z] [uncaughtException]
Error: listen EADDRINUSE: address already in use :::6089
    at Server.setupListenHandle [as _listen2] (node:net:2008:16)
    at listenInCluster (node:net:2065:12)
    at Server.listen (node:net:2170:7)
    at Object.<anonymous> (/Users/yvesyotatchoffo/Mon Drive/Anyhomes/01_Product/01_MVP/Code/Backend/api_bookaro-lovepreet/server.js:283:13)
    at Module._compile (node:internal/modules/cjs/loader:1829:14)
    at Module._extensions..js (node:internal/modules/cjs/loader:1969:10)
    at Module.load (node:internal/modules/cjs/loader:1552:32)
    at Module._load (node:internal/modules/cjs/loader:1354:12)
    at wrapModuleLoad (node:internal/modules/cjs/loader:255:19)
    at Module.executeUserEntryPoint [as runMain] (node:internal/modules/run_main:154:5)
────────────────────────────────────────────────────────────────────────────────
[2026-07-20T22:37:09.408Z] [uncaughtException]
Error: listen EADDRINUSE: address already in use :::6089
    at Server.setupListenHandle [as _listen2] (node:net:2008:16)
    at listenInCluster (node:net:2065:12)
    at Server.listen (node:net:2170:7)
    at Object.<anonymous> (/Users/yvesyotatchoffo/Mon Drive/Anyhomes/01_Product/01_MVP/Code/Backend/api_bookaro-lovepreet/server.js:283:13)
    at Module._compile (node:internal/modules/cjs/loader:1829:14)
    at Module._extensions..js (node:internal/modules/cjs/loader:1969:10)
    at Module.load (node:internal/modules/cjs/loader:1552:32)
    at Module._load (node:internal/modules/cjs/loader:1354:12)
    at wrapModuleLoad (node:internal/modules/cjs/loader:255:19)
    at Module.executeUserEntryPoint [as runMain] (node:internal/modules/run_main:154:5)
────────────────────────────────────────────────────────────────────────────────
[2026-07-20T22:37:13.572Z] [uncaughtException]
Error: listen EADDRINUSE: address already in use :::6089
    at Server.setupListenHandle [as _listen2] (node:net:2008:16)
    at listenInCluster (node:net:2065:12)
    at Server.listen (node:net:2170:7)
    at Object.<anonymous> (/Users/yvesyotatchoffo/Mon Drive/Anyhomes/01_Product/01_MVP/Code/Backend/api_bookaro-lovepreet/server.js:283:13)
    at Module._compile (node:internal/modules/cjs/loader:1829:14)
    at Module._extensions..js (node:internal/modules/cjs/loader:1969:10)
    at Module.load (node:internal/modules/cjs/loader:1552:32)
    at Module._load (node:internal/modules/cjs/loader:1354:12)
    at wrapModuleLoad (node:internal/modules/cjs/loader:255:19)
    at Module.executeUserEntryPoint [as runMain] (node:internal/modules/run_main:154:5)
────────────────────────────────────────────────────────────────────────────────
[2026-07-20T22:37:13.671Z] [uncaughtException]
Error: listen EADDRINUSE: address already in use :::6089
    at Server.setupListenHandle [as _listen2] (node:net:2008:16)
    at listenInCluster (node:net:2065:12)
    at Server.listen (node:net:2170:7)
    at Object.<anonymous> (/Users/yvesyotatchoffo/Mon Drive/Anyhomes/01_Product/01_MVP/Code/Backend/api_bookaro-lovepreet/server.js:283:13)
    at Module._compile (node:internal/modules/cjs/loader:1829:14)
    at Module._extensions..js (node:internal/modules/cjs/loader:1969:10)
    at Module.load (node:internal/modules/cjs/loader:1552:32)
    at Module._load (node:internal/modules/cjs/loader:1354:12)
    at wrapModuleLoad (node:internal/modules/cjs/loader:255:19)
    at Module.executeUserEntryPoint [as runMain] (node:internal/modules/run_main:154:5)
────────────────────────────────────────────────────────────────────────────────
[2026-07-22T16:26:14.388Z] [uncaughtException]
Error: listen EADDRINUSE: address already in use :::6089
    at Server.setupListenHandle [as _listen2] (node:net:2008:16)
    at listenInCluster (node:net:2065:12)
    at Server.listen (node:net:2170:7)
    at Object.<anonymous> (/Users/yvesyotatchoffo/Mon Drive/Anyhomes/01_Product/01_MVP/Code/Backend/api_bookaro-lovepreet/server.js:283:13)
    at Module._compile (node:internal/modules/cjs/loader:1829:14)
    at Module._extensions..js (node:internal/modules/cjs/loader:1969:10)
    at Module.load (node:internal/modules/cjs/loader:1552:32)
    at Module._load (node:internal/modules/cjs/loader:1354:12)
    at wrapModuleLoad (node:internal/modules/cjs/loader:255:19)
    at Module.executeUserEntryPoint [as runMain] (node:internal/modules/run_main:154:5)
────────────────────────────────────────────────────────────────────────────────
[2026-07-22T16:26:14.389Z] [uncaughtException]
Error: listen EADDRINUSE: address already in use :::6089
    at Server.setupListenHandle [as _listen2] (node:net:2008:16)
    at listenInCluster (node:net:2065:12)
    at Server.listen (node:net:2170:7)
    at Object.<anonymous> (/Users/yvesyotatchoffo/Mon Drive/Anyhomes/01_Product/01_MVP/Code/Backend/api_bookaro-lovepreet/server.js:283:13)
    at Module._compile (node:internal/modules/cjs/loader:1829:14)
    at Module._extensions..js (node:internal/modules/cjs/loader:1969:10)
    at Module.load (node:internal/modules/cjs/loader:1552:32)
    at Module._load (node:internal/modules/cjs/loader:1354:12)
    at wrapModuleLoad (node:internal/modules/cjs/loader:255:19)
    at Module.executeUserEntryPoint [as runMain] (node:internal/modules/run_main:154:5)
────────────────────────────────────────────────────────────────────────────────
[2026-07-22T16:26:14.389Z] [uncaughtException]
Error: listen EADDRINUSE: address already in use :::6089
    at Server.setupListenHandle [as _listen2] (node:net:2008:16)
    at listenInCluster (node:net:2065:12)
    at Server.listen (node:net:2170:7)
    at Object.<anonymous> (/Users/yvesyotatchoffo/Mon Drive/Anyhomes/01_Product/01_MVP/Code/Backend/api_bookaro-lovepreet/server.js:283:13)
    at Module._compile (node:internal/modules/cjs/loader:1829:14)
    at Module._extensions..js (node:internal/modules/cjs/loader:1969:10)
    at Module.load (node:internal/modules/cjs/loader:1552:32)
    at Module._load (node:internal/modules/cjs/loader:1354:12)
    at wrapModuleLoad (node:internal/modules/cjs/loader:255:19)
    at Module.executeUserEntryPoint [as runMain] (node:internal/modules/run_main:154:5)
────────────────────────────────────────────────────────────────────────────────
[2026-07-22T16:26:21.146Z] [uncaughtException]
Error: listen EADDRINUSE: address already in use :::6089
    at Server.setupListenHandle [as _listen2] (node:net:2008:16)
    at listenInCluster (node:net:2065:12)
    at Server.listen (node:net:2170:7)
    at Object.<anonymous> (/Users/yvesyotatchoffo/Mon Drive/Anyhomes/01_Product/01_MVP/Code/Backend/api_bookaro-lovepreet/server.js:283:13)
    at Module._compile (node:internal/modules/cjs/loader:1829:14)
    at Module._extensions..js (node:internal/modules/cjs/loader:1969:10)
    at Module.load (node:internal/modules/cjs/loader:1552:32)
    at Module._load (node:internal/modules/cjs/loader:1354:12)
    at wrapModuleLoad (node:internal/modules/cjs/loader:255:19)
    at Module.executeUserEntryPoint [as runMain] (node:internal/modules/run_main:154:5)
────────────────────────────────────────────────────────────────────────────────
[2026-07-22T16:26:21.165Z] [uncaughtException]
Error: listen EADDRINUSE: address already in use :::6089
    at Server.setupListenHandle [as _listen2] (node:net:2008:16)
    at listenInCluster (node:net:2065:12)
    at Server.listen (node:net:2170:7)
    at Object.<anonymous> (/Users/yvesyotatchoffo/Mon Drive/Anyhomes/01_Product/01_MVP/Code/Backend/api_bookaro-lovepreet/server.js:283:13)
    at Module._compile (node:internal/modules/cjs/loader:1829:14)
    at Module._extensions..js (node:internal/modules/cjs/loader:1969:10)
    at Module.load (node:internal/modules/cjs/loader:1552:32)
    at Module._load (node:internal/modules/cjs/loader:1354:12)
    at wrapModuleLoad (node:internal/modules/cjs/loader:255:19)
    at Module.executeUserEntryPoint [as runMain] (node:internal/modules/run_main:154:5)
────────────────────────────────────────────────────────────────────────────────
[2026-07-22T16:26:21.193Z] [uncaughtException]
Error: listen EADDRINUSE: address already in use :::6089
    at Server.setupListenHandle [as _listen2] (node:net:2008:16)
    at listenInCluster (node:net:2065:12)
    at Server.listen (node:net:2170:7)
    at Object.<anonymous> (/Users/yvesyotatchoffo/Mon Drive/Anyhomes/01_Product/01_MVP/Code/Backend/api_bookaro-lovepreet/server.js:283:13)
    at Module._compile (node:internal/modules/cjs/loader:1829:14)
    at Module._extensions..js (node:internal/modules/cjs/loader:1969:10)
    at Module.load (node:internal/modules/cjs/loader:1552:32)
    at Module._load (node:internal/modules/cjs/loader:1354:12)
    at wrapModuleLoad (node:internal/modules/cjs/loader:255:19)
    at Module.executeUserEntryPoint [as runMain] (node:internal/modules/run_main:154:5)
────────────────────────────────────────────────────────────────────────────────
[2026-07-23T00:34:08.475Z] [uncaughtException]
/Users/yvesyotatchoffo/Mon Drive/Anyhomes/01_Product/01_MVP/Code/Backend/api_bookaro-lovepreet/app/controllers/FrontendDashboardController.js:1136
        period: req.query.period || 'day',
              ^

SyntaxError: Unexpected token ':'
    at wrapSafe (node:internal/modules/cjs/loader:1762:18)
    at Module._compile (node:internal/modules/cjs/loader:1803:20)
    at Module._extensions..js (node:internal/modules/cjs/loader:1969:10)
    at Module.load (node:internal/modules/cjs/loader:1552:32)
    at Module._load (node:internal/modules/cjs/loader:1354:12)
    at wrapModuleLoad (node:internal/modules/cjs/loader:255:19)
    at Module.require (node:internal/modules/cjs/loader:1575:12)
    at require (node:internal/modules/helpers:191:16)
    at Object.<anonymous> (/Users/yvesyotatchoffo/Mon Drive/Anyhomes/01_Product/01_MVP/Code/Backend/api_bookaro-lovepreet/app/routes/frontendDashboard.routes.js:2:27)
    at Module._compile (node:internal/modules/cjs/loader:1829:14)
────────────────────────────────────────────────────────────────────────────────
[2026-07-23T07:29:07.010Z] [unhandledRejection]
PoolClearedOnNetworkError: Connection to localhost:27017 interrupted due to server monitor timeout
    at ConnectionPool.interruptInUseConnections (/Users/yvesyotatchoffo/Mon Drive/Anyhomes/01_Product/01_MVP/Code/Backend/api_bookaro-lovepreet/node_modules/mongoose/node_modules/mongodb/lib/cmap/connection_pool.js:253:36)
    at /Users/yvesyotatchoffo/Mon Drive/Anyhomes/01_Product/01_MVP/Code/Backend/api_bookaro-lovepreet/node_modules/mongoose/node_modules/mongodb/lib/cmap/connection_pool.js:241:41
    at processTicksAndRejections (node:internal/process/task_queues:85:11)
    at runNextTicks (node:internal/process/task_queues:69:3)
    at listOnTimeout (node:internal/timers:567:9)
    at process.processTimers (node:internal/timers:541:7)
────────────────────────────────────────────────────────────────────────────────
[2026-07-23T16:32:14.960Z] [uncaughtException]
Error: listen EADDRINUSE: address already in use :::6089
    at Server.setupListenHandle [as _listen2] (node:net:2008:16)
    at listenInCluster (node:net:2065:12)
    at Server.listen (node:net:2170:7)
    at Object.<anonymous> (/Users/yvesyotatchoffo/Mon Drive/Anyhomes/01_Product/01_MVP/Code/Backend/api_bookaro-lovepreet/server.js:289:13)
    at Module._compile (node:internal/modules/cjs/loader:1829:14)
    at Module._extensions..js (node:internal/modules/cjs/loader:1969:10)
    at Module.load (node:internal/modules/cjs/loader:1552:32)
    at Module._load (node:internal/modules/cjs/loader:1354:12)
    at wrapModuleLoad (node:internal/modules/cjs/loader:255:19)
    at Module.executeUserEntryPoint [as runMain] (node:internal/modules/run_main:154:5)
────────────────────────────────────────────────────────────────────────────────
[2026-07-23T16:32:29.057Z] [uncaughtException]
Error: listen EADDRINUSE: address already in use :::6089
    at Server.setupListenHandle [as _listen2] (node:net:2008:16)
    at listenInCluster (node:net:2065:12)
    at Server.listen (node:net:2170:7)
    at Object.<anonymous> (/Users/yvesyotatchoffo/Mon Drive/Anyhomes/01_Product/01_MVP/Code/Backend/api_bookaro-lovepreet/server.js:289:13)
    at Module._compile (node:internal/modules/cjs/loader:1829:14)
    at Module._extensions..js (node:internal/modules/cjs/loader:1969:10)
    at Module.load (node:internal/modules/cjs/loader:1552:32)
    at Module._load (node:internal/modules/cjs/loader:1354:12)
    at wrapModuleLoad (node:internal/modules/cjs/loader:255:19)
    at Module.executeUserEntryPoint [as runMain] (node:internal/modules/run_main:154:5)
────────────────────────────────────────────────────────────────────────────────
[2026-07-23T16:32:53.406Z] [uncaughtException]
Error: listen EADDRINUSE: address already in use :::6089
    at Server.setupListenHandle [as _listen2] (node:net:2008:16)
    at listenInCluster (node:net:2065:12)
    at Server.listen (node:net:2170:7)
    at Object.<anonymous> (/Users/yvesyotatchoffo/Mon Drive/Anyhomes/01_Product/01_MVP/Code/Backend/api_bookaro-lovepreet/server.js:289:13)
    at Module._compile (node:internal/modules/cjs/loader:1829:14)
    at Module._extensions..js (node:internal/modules/cjs/loader:1969:10)
    at Module.load (node:internal/modules/cjs/loader:1552:32)
    at Module._load (node:internal/modules/cjs/loader:1354:12)
    at wrapModuleLoad (node:internal/modules/cjs/loader:255:19)
    at Module.executeUserEntryPoint [as runMain] (node:internal/modules/run_main:154:5)
────────────────────────────────────────────────────────────────────────────────
[2026-07-23T17:55:41.303Z] [uncaughtException]
Error: listen EADDRINUSE: address already in use :::6089
    at Server.setupListenHandle [as _listen2] (node:net:2008:16)
    at listenInCluster (node:net:2065:12)
    at Server.listen (node:net:2170:7)
    at Object.<anonymous> (/Users/yvesyotatchoffo/Mon Drive/Anyhomes/01_Product/01_MVP/Code/Backend/api_bookaro-lovepreet/server.js:289:13)
    at Module._compile (node:internal/modules/cjs/loader:1829:14)
    at Module._extensions..js (node:internal/modules/cjs/loader:1969:10)
    at Module.load (node:internal/modules/cjs/loader:1552:32)
    at Module._load (node:internal/modules/cjs/loader:1354:12)
    at wrapModuleLoad (node:internal/modules/cjs/loader:255:19)
    at Module.executeUserEntryPoint [as runMain] (node:internal/modules/run_main:154:5)
────────────────────────────────────────────────────────────────────────────────
[2026-07-23T17:55:41.303Z] [uncaughtException]
Error: listen EADDRINUSE: address already in use :::6089
    at Server.setupListenHandle [as _listen2] (node:net:2008:16)
    at listenInCluster (node:net:2065:12)
    at Server.listen (node:net:2170:7)
    at Object.<anonymous> (/Users/yvesyotatchoffo/Mon Drive/Anyhomes/01_Product/01_MVP/Code/Backend/api_bookaro-lovepreet/server.js:289:13)
    at Module._compile (node:internal/modules/cjs/loader:1829:14)
    at Module._extensions..js (node:internal/modules/cjs/loader:1969:10)
    at Module.load (node:internal/modules/cjs/loader:1552:32)
    at Module._load (node:internal/modules/cjs/loader:1354:12)
    at wrapModuleLoad (node:internal/modules/cjs/loader:255:19)
    at Module.executeUserEntryPoint [as runMain] (node:internal/modules/run_main:154:5)
────────────────────────────────────────────────────────────────────────────────
[2026-07-23T17:58:01.133Z] [uncaughtException]
Error: listen EADDRINUSE: address already in use :::6089
    at Server.setupListenHandle [as _listen2] (node:net:2008:16)
    at listenInCluster (node:net:2065:12)
    at Server.listen (node:net:2170:7)
    at Object.<anonymous> (/Users/yvesyotatchoffo/Mon Drive/Anyhomes/01_Product/01_MVP/Code/Backend/api_bookaro-lovepreet/server.js:289:13)
    at Module._compile (node:internal/modules/cjs/loader:1829:14)
    at Module._extensions..js (node:internal/modules/cjs/loader:1969:10)
    at Module.load (node:internal/modules/cjs/loader:1552:32)
    at Module._load (node:internal/modules/cjs/loader:1354:12)
    at wrapModuleLoad (node:internal/modules/cjs/loader:255:19)
    at Module.executeUserEntryPoint [as runMain] (node:internal/modules/run_main:154:5)
────────────────────────────────────────────────────────────────────────────────
[2026-07-23T17:58:01.134Z] [uncaughtException]
Error: listen EADDRINUSE: address already in use :::6089
    at Server.setupListenHandle [as _listen2] (node:net:2008:16)
    at listenInCluster (node:net:2065:12)
    at Server.listen (node:net:2170:7)
    at Object.<anonymous> (/Users/yvesyotatchoffo/Mon Drive/Anyhomes/01_Product/01_MVP/Code/Backend/api_bookaro-lovepreet/server.js:289:13)
    at Module._compile (node:internal/modules/cjs/loader:1829:14)
    at Module._extensions..js (node:internal/modules/cjs/loader:1969:10)
    at Module.load (node:internal/modules/cjs/loader:1552:32)
    at Module._load (node:internal/modules/cjs/loader:1354:12)
    at wrapModuleLoad (node:internal/modules/cjs/loader:255:19)
    at Module.executeUserEntryPoint [as runMain] (node:internal/modules/run_main:154:5)
────────────────────────────────────────────────────────────────────────────────
[2026-07-23T17:58:11.684Z] [uncaughtException]
Error: listen EADDRINUSE: address already in use :::6089
    at Server.setupListenHandle [as _listen2] (node:net:2008:16)
    at listenInCluster (node:net:2065:12)
    at Server.listen (node:net:2170:7)
    at Object.<anonymous> (/Users/yvesyotatchoffo/Mon Drive/Anyhomes/01_Product/01_MVP/Code/Backend/api_bookaro-lovepreet/server.js:289:13)
    at Module._compile (node:internal/modules/cjs/loader:1829:14)
    at Module._extensions..js (node:internal/modules/cjs/loader:1969:10)
    at Module.load (node:internal/modules/cjs/loader:1552:32)
    at Module._load (node:internal/modules/cjs/loader:1354:12)
    at wrapModuleLoad (node:internal/modules/cjs/loader:255:19)
    at Module.executeUserEntryPoint [as runMain] (node:internal/modules/run_main:154:5)
────────────────────────────────────────────────────────────────────────────────
[2026-07-23T17:58:11.723Z] [uncaughtException]
Error: listen EADDRINUSE: address already in use :::6089
    at Server.setupListenHandle [as _listen2] (node:net:2008:16)
    at listenInCluster (node:net:2065:12)
    at Server.listen (node:net:2170:7)
    at Object.<anonymous> (/Users/yvesyotatchoffo/Mon Drive/Anyhomes/01_Product/01_MVP/Code/Backend/api_bookaro-lovepreet/server.js:289:13)
    at Module._compile (node:internal/modules/cjs/loader:1829:14)
    at Module._extensions..js (node:internal/modules/cjs/loader:1969:10)
    at Module.load (node:internal/modules/cjs/loader:1552:32)
    at Module._load (node:internal/modules/cjs/loader:1354:12)
    at wrapModuleLoad (node:internal/modules/cjs/loader:255:19)
    at Module.executeUserEntryPoint [as runMain] (node:internal/modules/run_main:154:5)
────────────────────────────────────────────────────────────────────────────────
[2026-07-23T18:09:29.458Z] [uncaughtException]
Error: listen EADDRINUSE: address already in use :::6089
    at Server.setupListenHandle [as _listen2] (node:net:2008:16)
    at listenInCluster (node:net:2065:12)
    at Server.listen (node:net:2170:7)
    at Object.<anonymous> (/Users/yvesyotatchoffo/Mon Drive/Anyhomes/01_Product/01_MVP/Code/Backend/api_bookaro-lovepreet/server.js:289:13)
    at Module._compile (node:internal/modules/cjs/loader:1829:14)
    at Module._extensions..js (node:internal/modules/cjs/loader:1969:10)
    at Module.load (node:internal/modules/cjs/loader:1552:32)
    at Module._load (node:internal/modules/cjs/loader:1354:12)
    at wrapModuleLoad (node:internal/modules/cjs/loader:255:19)
    at Module.executeUserEntryPoint [as runMain] (node:internal/modules/run_main:154:5)
────────────────────────────────────────────────────────────────────────────────
[2026-07-23T18:09:29.458Z] [uncaughtException]
Error: listen EADDRINUSE: address already in use :::6089
    at Server.setupListenHandle [as _listen2] (node:net:2008:16)
    at listenInCluster (node:net:2065:12)
    at Server.listen (node:net:2170:7)
    at Object.<anonymous> (/Users/yvesyotatchoffo/Mon Drive/Anyhomes/01_Product/01_MVP/Code/Backend/api_bookaro-lovepreet/server.js:289:13)
    at Module._compile (node:internal/modules/cjs/loader:1829:14)
    at Module._extensions..js (node:internal/modules/cjs/loader:1969:10)
    at Module.load (node:internal/modules/cjs/loader:1552:32)
    at Module._load (node:internal/modules/cjs/loader:1354:12)
    at wrapModuleLoad (node:internal/modules/cjs/loader:255:19)
    at Module.executeUserEntryPoint [as runMain] (node:internal/modules/run_main:154:5)
────────────────────────────────────────────────────────────────────────────────
[2026-07-23T18:09:29.459Z] [uncaughtException]
Error: listen EADDRINUSE: address already in use :::6089
    at Server.setupListenHandle [as _listen2] (node:net:2008:16)
    at listenInCluster (node:net:2065:12)
    at Server.listen (node:net:2170:7)
    at Object.<anonymous> (/Users/yvesyotatchoffo/Mon Drive/Anyhomes/01_Product/01_MVP/Code/Backend/api_bookaro-lovepreet/server.js:289:13)
    at Module._compile (node:internal/modules/cjs/loader:1829:14)
    at Module._extensions..js (node:internal/modules/cjs/loader:1969:10)
    at Module.load (node:internal/modules/cjs/loader:1552:32)
    at Module._load (node:internal/modules/cjs/loader:1354:12)
    at wrapModuleLoad (node:internal/modules/cjs/loader:255:19)
    at Module.executeUserEntryPoint [as runMain] (node:internal/modules/run_main:154:5)
────────────────────────────────────────────────────────────────────────────────
[2026-07-24T20:04:11.538Z] [unhandledRejection]
MongoPoolClearedError: Connection pool for localhost:27017 was cleared because another operation failed with: "connection <monitor> to [::1]:27017 timed out"
    at ConnectionPool.processWaitQueue (/Users/yvesyotatchoffo/Mon Drive/Anyhomes/01_Product/01_MVP/Code/Backend/api_bookaro-lovepreet/node_modules/agenda/node_modules/mongodb/lib/cmap/connection_pool.js:483:82)
    at ConnectionPool.clear (/Users/yvesyotatchoffo/Mon Drive/Anyhomes/01_Product/01_MVP/Code/Backend/api_bookaro-lovepreet/node_modules/agenda/node_modules/mongodb/lib/cmap/connection_pool.js:253:14)
    at updateServers (/Users/yvesyotatchoffo/Mon Drive/Anyhomes/01_Product/01_MVP/Code/Backend/api_bookaro-lovepreet/node_modules/agenda/node_modules/mongodb/lib/sdam/topology.js:497:31)
    at Topology.serverUpdateHandler (/Users/yvesyotatchoffo/Mon Drive/Anyhomes/01_Product/01_MVP/Code/Backend/api_bookaro-lovepreet/node_modules/agenda/node_modules/mongodb/lib/sdam/topology.js:362:9)
    at Server.<anonymous> (/Users/yvesyotatchoffo/Mon Drive/Anyhomes/01_Product/01_MVP/Code/Backend/api_bookaro-lovepreet/node_modules/agenda/node_modules/mongodb/lib/sdam/topology.js:480:77)
    at Server.emit (node:events:508:20)
    at markServerUnknown (/Users/yvesyotatchoffo/Mon Drive/Anyhomes/01_Product/01_MVP/Code/Backend/api_bookaro-lovepreet/node_modules/agenda/node_modules/mongodb/lib/sdam/server.js:287:12)
    at Monitor.<anonymous> (/Users/yvesyotatchoffo/Mon Drive/Anyhomes/01_Product/01_MVP/Code/Backend/api_bookaro-lovepreet/node_modules/agenda/node_modules/mongodb/lib/sdam/server.js:57:51)
    at Monitor.emit (node:events:508:20)
    at failureHandler (/Users/yvesyotatchoffo/Mon Drive/Anyhomes/01_Product/01_MVP/Code/Backend/api_bookaro-lovepreet/node_modules/agenda/node_modules/mongodb/lib/sdam/monitor.js:154:17)
────────────────────────────────────────────────────────────────────────────────
[2026-07-24T22:20:50.238Z] [uncaughtException]
Error: listen EADDRINUSE: address already in use :::6089
    at Server.setupListenHandle [as _listen2] (node:net:2008:16)
    at listenInCluster (node:net:2065:12)
    at Server.listen (node:net:2170:7)
    at Object.<anonymous> (/Users/yvesyotatchoffo/Mon Drive/Anyhomes/01_Product/01_MVP/Code/Backend/api_bookaro-lovepreet/server.js:289:13)
    at Module._compile (node:internal/modules/cjs/loader:1829:14)
    at Module._extensions..js (node:internal/modules/cjs/loader:1969:10)
    at Module.load (node:internal/modules/cjs/loader:1552:32)
    at Module._load (node:internal/modules/cjs/loader:1354:12)
    at wrapModuleLoad (node:internal/modules/cjs/loader:255:19)
    at Module.executeUserEntryPoint [as runMain] (node:internal/modules/run_main:154:5)
────────────────────────────────────────────────────────────────────────────────
[2026-07-24T22:21:39.499Z] [uncaughtException]
Error: listen EADDRINUSE: address already in use :::6089
    at Server.setupListenHandle [as _listen2] (node:net:2008:16)
    at listenInCluster (node:net:2065:12)
    at Server.listen (node:net:2170:7)
    at Object.<anonymous> (/Users/yvesyotatchoffo/Mon Drive/Anyhomes/01_Product/01_MVP/Code/Backend/api_bookaro-lovepreet/server.js:289:13)
    at Module._compile (node:internal/modules/cjs/loader:1829:14)
    at Module._extensions..js (node:internal/modules/cjs/loader:1969:10)
    at Module.load (node:internal/modules/cjs/loader:1552:32)
    at Module._load (node:internal/modules/cjs/loader:1354:12)
    at wrapModuleLoad (node:internal/modules/cjs/loader:255:19)
    at Module.executeUserEntryPoint [as runMain] (node:internal/modules/run_main:154:5)
────────────────────────────────────────────────────────────────────────────────
[2026-07-24T22:21:52.473Z] [uncaughtException]
Error: listen EADDRINUSE: address already in use :::6089
    at Server.setupListenHandle [as _listen2] (node:net:2008:16)
    at listenInCluster (node:net:2065:12)
    at Server.listen (node:net:2170:7)
    at Object.<anonymous> (/Users/yvesyotatchoffo/Mon Drive/Anyhomes/01_Product/01_MVP/Code/Backend/api_bookaro-lovepreet/server.js:289:13)
    at Module._compile (node:internal/modules/cjs/loader:1829:14)
    at Module._extensions..js (node:internal/modules/cjs/loader:1969:10)
    at Module.load (node:internal/modules/cjs/loader:1552:32)
    at Module._load (node:internal/modules/cjs/loader:1354:12)
    at wrapModuleLoad (node:internal/modules/cjs/loader:255:19)
    at Module.executeUserEntryPoint [as runMain] (node:internal/modules/run_main:154:5)
────────────────────────────────────────────────────────────────────────────────
[2026-07-24T23:09:21.171Z] [uncaughtException]
Error: listen EADDRINUSE: address already in use :::6089
    at Server.setupListenHandle [as _listen2] (node:net:2008:16)
    at listenInCluster (node:net:2065:12)
    at Server.listen (node:net:2170:7)
    at Object.<anonymous> (/Users/yvesyotatchoffo/Mon Drive/Anyhomes/01_Product/01_MVP/Code/Backend/api_bookaro-lovepreet/server.js:289:13)
    at Module._compile (node:internal/modules/cjs/loader:1829:14)
    at Module._extensions..js (node:internal/modules/cjs/loader:1969:10)
    at Module.load (node:internal/modules/cjs/loader:1552:32)
    at Module._load (node:internal/modules/cjs/loader:1354:12)
    at wrapModuleLoad (node:internal/modules/cjs/loader:255:19)
    at Module.executeUserEntryPoint [as runMain] (node:internal/modules/run_main:154:5)
────────────────────────────────────────────────────────────────────────────────
[2026-07-24T23:09:21.172Z] [uncaughtException]
Error: listen EADDRINUSE: address already in use :::6089
    at Server.setupListenHandle [as _listen2] (node:net:2008:16)
    at listenInCluster (node:net:2065:12)
    at Server.listen (node:net:2170:7)
    at Object.<anonymous> (/Users/yvesyotatchoffo/Mon Drive/Anyhomes/01_Product/01_MVP/Code/Backend/api_bookaro-lovepreet/server.js:289:13)
    at Module._compile (node:internal/modules/cjs/loader:1829:14)
    at Module._extensions..js (node:internal/modules/cjs/loader:1969:10)
    at Module.load (node:internal/modules/cjs/loader:1552:32)
    at Module._load (node:internal/modules/cjs/loader:1354:12)
    at wrapModuleLoad (node:internal/modules/cjs/loader:255:19)
    at Module.executeUserEntryPoint [as runMain] (node:internal/modules/run_main:154:5)
────────────────────────────────────────────────────────────────────────────────
[2026-07-24T23:09:21.172Z] [uncaughtException]
Error: listen EADDRINUSE: address already in use :::6089
    at Server.setupListenHandle [as _listen2] (node:net:2008:16)
    at listenInCluster (node:net:2065:12)
    at Server.listen (node:net:2170:7)
    at Object.<anonymous> (/Users/yvesyotatchoffo/Mon Drive/Anyhomes/01_Product/01_MVP/Code/Backend/api_bookaro-lovepreet/server.js:289:13)
    at Module._compile (node:internal/modules/cjs/loader:1829:14)
    at Module._extensions..js (node:internal/modules/cjs/loader:1969:10)
    at Module.load (node:internal/modules/cjs/loader:1552:32)
    at Module._load (node:internal/modules/cjs/loader:1354:12)
    at wrapModuleLoad (node:internal/modules/cjs/loader:255:19)
    at Module.executeUserEntryPoint [as runMain] (node:internal/modules/run_main:154:5)
────────────────────────────────────────────────────────────────────────────────
[2026-07-24T23:09:21.172Z] [uncaughtException]
Error: listen EADDRINUSE: address already in use :::6089
    at Server.setupListenHandle [as _listen2] (node:net:2008:16)
    at listenInCluster (node:net:2065:12)
    at Server.listen (node:net:2170:7)
    at Object.<anonymous> (/Users/yvesyotatchoffo/Mon Drive/Anyhomes/01_Product/01_MVP/Code/Backend/api_bookaro-lovepreet/server.js:289:13)
    at Module._compile (node:internal/modules/cjs/loader:1829:14)
    at Module._extensions..js (node:internal/modules/cjs/loader:1969:10)
    at Module.load (node:internal/modules/cjs/loader:1552:32)
    at Module._load (node:internal/modules/cjs/loader:1354:12)
    at wrapModuleLoad (node:internal/modules/cjs/loader:255:19)
    at Module.executeUserEntryPoint [as runMain] (node:internal/modules/run_main:154:5)
────────────────────────────────────────────────────────────────────────────────
[2026-07-24T23:18:10.204Z] [uncaughtException]
Error: listen EADDRINUSE: address already in use :::6089
    at Server.setupListenHandle [as _listen2] (node:net:2008:16)
    at listenInCluster (node:net:2065:12)
    at Server.listen (node:net:2170:7)
    at Object.<anonymous> (/Users/yvesyotatchoffo/Mon Drive/Anyhomes/01_Product/01_MVP/Code/Backend/api_bookaro-lovepreet/server.js:289:13)
    at Module._compile (node:internal/modules/cjs/loader:1829:14)
    at Module._extensions..js (node:internal/modules/cjs/loader:1969:10)
    at Module.load (node:internal/modules/cjs/loader:1552:32)
    at Module._load (node:internal/modules/cjs/loader:1354:12)
    at wrapModuleLoad (node:internal/modules/cjs/loader:255:19)
    at Module.executeUserEntryPoint [as runMain] (node:internal/modules/run_main:154:5)
────────────────────────────────────────────────────────────────────────────────
[2026-07-24T23:18:10.205Z] [uncaughtException]
Error: listen EADDRINUSE: address already in use :::6089
    at Server.setupListenHandle [as _listen2] (node:net:2008:16)
    at listenInCluster (node:net:2065:12)
    at Server.listen (node:net:2170:7)
    at Object.<anonymous> (/Users/yvesyotatchoffo/Mon Drive/Anyhomes/01_Product/01_MVP/Code/Backend/api_bookaro-lovepreet/server.js:289:13)
    at Module._compile (node:internal/modules/cjs/loader:1829:14)
    at Module._extensions..js (node:internal/modules/cjs/loader:1969:10)
    at Module.load (node:internal/modules/cjs/loader:1552:32)
    at Module._load (node:internal/modules/cjs/loader:1354:12)
    at wrapModuleLoad (node:internal/modules/cjs/loader:255:19)
    at Module.executeUserEntryPoint [as runMain] (node:internal/modules/run_main:154:5)
────────────────────────────────────────────────────────────────────────────────
[2026-07-24T23:18:10.205Z] [uncaughtException]
Error: listen EADDRINUSE: address already in use :::6089
    at Server.setupListenHandle [as _listen2] (node:net:2008:16)
    at listenInCluster (node:net:2065:12)
    at Server.listen (node:net:2170:7)
    at Object.<anonymous> (/Users/yvesyotatchoffo/Mon Drive/Anyhomes/01_Product/01_MVP/Code/Backend/api_bookaro-lovepreet/server.js:289:13)
    at Module._compile (node:internal/modules/cjs/loader:1829:14)
    at Module._extensions..js (node:internal/modules/cjs/loader:1969:10)
    at Module.load (node:internal/modules/cjs/loader:1552:32)
    at Module._load (node:internal/modules/cjs/loader:1354:12)
    at wrapModuleLoad (node:internal/modules/cjs/loader:255:19)
    at Module.executeUserEntryPoint [as runMain] (node:internal/modules/run_main:154:5)
────────────────────────────────────────────────────────────────────────────────
[2026-07-24T23:18:10.206Z] [uncaughtException]
Error: listen EADDRINUSE: address already in use :::6089
    at Server.setupListenHandle [as _listen2] (node:net:2008:16)
    at listenInCluster (node:net:2065:12)
    at Server.listen (node:net:2170:7)
    at Object.<anonymous> (/Users/yvesyotatchoffo/Mon Drive/Anyhomes/01_Product/01_MVP/Code/Backend/api_bookaro-lovepreet/server.js:289:13)
    at Module._compile (node:internal/modules/cjs/loader:1829:14)
    at Module._extensions..js (node:internal/modules/cjs/loader:1969:10)
    at Module.load (node:internal/modules/cjs/loader:1552:32)
    at Module._load (node:internal/modules/cjs/loader:1354:12)
    at wrapModuleLoad (node:internal/modules/cjs/loader:255:19)
    at Module.executeUserEntryPoint [as runMain] (node:internal/modules/run_main:154:5)
────────────────────────────────────────────────────────────────────────────────
[2026-07-24T23:18:10.207Z] [uncaughtException]
Error: listen EADDRINUSE: address already in use :::6089
    at Server.setupListenHandle [as _listen2] (node:net:2008:16)
    at listenInCluster (node:net:2065:12)
    at Server.listen (node:net:2170:7)
    at Object.<anonymous> (/Users/yvesyotatchoffo/Mon Drive/Anyhomes/01_Product/01_MVP/Code/Backend/api_bookaro-lovepreet/server.js:289:13)
    at Module._compile (node:internal/modules/cjs/loader:1829:14)
    at Module._extensions..js (node:internal/modules/cjs/loader:1969:10)
    at Module.load (node:internal/modules/cjs/loader:1552:32)
    at Module._load (node:internal/modules/cjs/loader:1354:12)
    at wrapModuleLoad (node:internal/modules/cjs/loader:255:19)
    at Module.executeUserEntryPoint [as runMain] (node:internal/modules/run_main:154:5)
────────────────────────────────────────────────────────────────────────────────
[2026-07-25T00:30:22.020Z] [uncaughtException]
Error: listen EADDRINUSE: address already in use :::6089
    at Server.setupListenHandle [as _listen2] (node:net:2008:16)
    at listenInCluster (node:net:2065:12)
    at Server.listen (node:net:2170:7)
    at Object.<anonymous> (/Users/yvesyotatchoffo/Mon Drive/Anyhomes/01_Product/01_MVP/Code/Backend/api_bookaro-lovepreet/server.js:289:13)
    at Module._compile (node:internal/modules/cjs/loader:1829:14)
    at Module._extensions..js (node:internal/modules/cjs/loader:1969:10)
    at Module.load (node:internal/modules/cjs/loader:1552:32)
    at Module._load (node:internal/modules/cjs/loader:1354:12)
    at wrapModuleLoad (node:internal/modules/cjs/loader:255:19)
    at Module.executeUserEntryPoint [as runMain] (node:internal/modules/run_main:154:5)
────────────────────────────────────────────────────────────────────────────────
[2026-07-25T00:30:22.130Z] [uncaughtException]
Error: listen EADDRINUSE: address already in use :::6089
    at Server.setupListenHandle [as _listen2] (node:net:2008:16)
    at listenInCluster (node:net:2065:12)
    at Server.listen (node:net:2170:7)
    at Object.<anonymous> (/Users/yvesyotatchoffo/Mon Drive/Anyhomes/01_Product/01_MVP/Code/Backend/api_bookaro-lovepreet/server.js:289:13)
    at Module._compile (node:internal/modules/cjs/loader:1829:14)
    at Module._extensions..js (node:internal/modules/cjs/loader:1969:10)
    at Module.load (node:internal/modules/cjs/loader:1552:32)
    at Module._load (node:internal/modules/cjs/loader:1354:12)
    at wrapModuleLoad (node:internal/modules/cjs/loader:255:19)
    at Module.executeUserEntryPoint [as runMain] (node:internal/modules/run_main:154:5)
────────────────────────────────────────────────────────────────────────────────
[2026-07-25T00:30:22.134Z] [uncaughtException]
Error: listen EADDRINUSE: address already in use :::6089
    at Server.setupListenHandle [as _listen2] (node:net:2008:16)
    at listenInCluster (node:net:2065:12)
    at Server.listen (node:net:2170:7)
    at Object.<anonymous> (/Users/yvesyotatchoffo/Mon Drive/Anyhomes/01_Product/01_MVP/Code/Backend/api_bookaro-lovepreet/server.js:289:13)
    at Module._compile (node:internal/modules/cjs/loader:1829:14)
    at Module._extensions..js (node:internal/modules/cjs/loader:1969:10)
    at Module.load (node:internal/modules/cjs/loader:1552:32)
    at Module._load (node:internal/modules/cjs/loader:1354:12)
    at wrapModuleLoad (node:internal/modules/cjs/loader:255:19)
    at Module.executeUserEntryPoint [as runMain] (node:internal/modules/run_main:154:5)
────────────────────────────────────────────────────────────────────────────────
[2026-07-25T00:30:22.307Z] [uncaughtException]
Error: listen EADDRINUSE: address already in use :::6089
    at Server.setupListenHandle [as _listen2] (node:net:2008:16)
    at listenInCluster (node:net:2065:12)
    at Server.listen (node:net:2170:7)
    at Object.<anonymous> (/Users/yvesyotatchoffo/Mon Drive/Anyhomes/01_Product/01_MVP/Code/Backend/api_bookaro-lovepreet/server.js:289:13)
    at Module._compile (node:internal/modules/cjs/loader:1829:14)
    at Module._extensions..js (node:internal/modules/cjs/loader:1969:10)
    at Module.load (node:internal/modules/cjs/loader:1552:32)
    at Module._load (node:internal/modules/cjs/loader:1354:12)
    at wrapModuleLoad (node:internal/modules/cjs/loader:255:19)
    at Module.executeUserEntryPoint [as runMain] (node:internal/modules/run_main:154:5)
────────────────────────────────────────────────────────────────────────────────
[2026-07-25T00:30:27.664Z] [uncaughtException]
Error: listen EADDRINUSE: address already in use :::6089
    at Server.setupListenHandle [as _listen2] (node:net:2008:16)
    at listenInCluster (node:net:2065:12)
    at Server.listen (node:net:2170:7)
    at Object.<anonymous> (/Users/yvesyotatchoffo/Mon Drive/Anyhomes/01_Product/01_MVP/Code/Backend/api_bookaro-lovepreet/server.js:289:13)
    at Module._compile (node:internal/modules/cjs/loader:1829:14)
    at Module._extensions..js (node:internal/modules/cjs/loader:1969:10)
    at Module.load (node:internal/modules/cjs/loader:1552:32)
    at Module._load (node:internal/modules/cjs/loader:1354:12)
    at wrapModuleLoad (node:internal/modules/cjs/loader:255:19)
    at Module.executeUserEntryPoint [as runMain] (node:internal/modules/run_main:154:5)
────────────────────────────────────────────────────────────────────────────────
[2026-07-25T00:30:27.723Z] [uncaughtException]
Error: listen EADDRINUSE: address already in use :::6089
    at Server.setupListenHandle [as _listen2] (node:net:2008:16)
    at listenInCluster (node:net:2065:12)
    at Server.listen (node:net:2170:7)
    at Object.<anonymous> (/Users/yvesyotatchoffo/Mon Drive/Anyhomes/01_Product/01_MVP/Code/Backend/api_bookaro-lovepreet/server.js:289:13)
    at Module._compile (node:internal/modules/cjs/loader:1829:14)
    at Module._extensions..js (node:internal/modules/cjs/loader:1969:10)
    at Module.load (node:internal/modules/cjs/loader:1552:32)
    at Module._load (node:internal/modules/cjs/loader:1354:12)
    at wrapModuleLoad (node:internal/modules/cjs/loader:255:19)
    at Module.executeUserEntryPoint [as runMain] (node:internal/modules/run_main:154:5)
────────────────────────────────────────────────────────────────────────────────
[2026-07-25T00:30:28.144Z] [uncaughtException]
Error: listen EADDRINUSE: address already in use :::6089
    at Server.setupListenHandle [as _listen2] (node:net:2008:16)
    at listenInCluster (node:net:2065:12)
    at Server.listen (node:net:2170:7)
    at Object.<anonymous> (/Users/yvesyotatchoffo/Mon Drive/Anyhomes/01_Product/01_MVP/Code/Backend/api_bookaro-lovepreet/server.js:289:13)
    at Module._compile (node:internal/modules/cjs/loader:1829:14)
    at Module._extensions..js (node:internal/modules/cjs/loader:1969:10)
    at Module.load (node:internal/modules/cjs/loader:1552:32)
    at Module._load (node:internal/modules/cjs/loader:1354:12)
    at wrapModuleLoad (node:internal/modules/cjs/loader:255:19)
    at Module.executeUserEntryPoint [as runMain] (node:internal/modules/run_main:154:5)
────────────────────────────────────────────────────────────────────────────────
[2026-07-25T00:30:28.155Z] [uncaughtException]
Error: listen EADDRINUSE: address already in use :::6089
    at Server.setupListenHandle [as _listen2] (node:net:2008:16)
    at listenInCluster (node:net:2065:12)
    at Server.listen (node:net:2170:7)
    at Object.<anonymous> (/Users/yvesyotatchoffo/Mon Drive/Anyhomes/01_Product/01_MVP/Code/Backend/api_bookaro-lovepreet/server.js:289:13)
    at Module._compile (node:internal/modules/cjs/loader:1829:14)
    at Module._extensions..js (node:internal/modules/cjs/loader:1969:10)
    at Module.load (node:internal/modules/cjs/loader:1552:32)
    at Module._load (node:internal/modules/cjs/loader:1354:12)
    at wrapModuleLoad (node:internal/modules/cjs/loader:255:19)
    at Module.executeUserEntryPoint [as runMain] (node:internal/modules/run_main:154:5)
────────────────────────────────────────────────────────────────────────────────
[2026-07-25T00:30:28.287Z] [uncaughtException]
Error: listen EADDRINUSE: address already in use :::6089
    at Server.setupListenHandle [as _listen2] (node:net:2008:16)
    at listenInCluster (node:net:2065:12)
    at Server.listen (node:net:2170:7)
    at Object.<anonymous> (/Users/yvesyotatchoffo/Mon Drive/Anyhomes/01_Product/01_MVP/Code/Backend/api_bookaro-lovepreet/server.js:289:13)
    at Module._compile (node:internal/modules/cjs/loader:1829:14)
    at Module._extensions..js (node:internal/modules/cjs/loader:1969:10)
    at Module.load (node:internal/modules/cjs/loader:1552:32)
    at Module._load (node:internal/modules/cjs/loader:1354:12)
    at wrapModuleLoad (node:internal/modules/cjs/loader:255:19)
    at Module.executeUserEntryPoint [as runMain] (node:internal/modules/run_main:154:5)
────────────────────────────────────────────────────────────────────────────────
[2026-07-25T00:30:28.764Z] [uncaughtException]
Error: listen EADDRINUSE: address already in use :::6089
    at Server.setupListenHandle [as _listen2] (node:net:2008:16)
    at listenInCluster (node:net:2065:12)
    at Server.listen (node:net:2170:7)
    at Object.<anonymous> (/Users/yvesyotatchoffo/Mon Drive/Anyhomes/01_Product/01_MVP/Code/Backend/api_bookaro-lovepreet/server.js:289:13)
    at Module._compile (node:internal/modules/cjs/loader:1829:14)
    at Module._extensions..js (node:internal/modules/cjs/loader:1969:10)
    at Module.load (node:internal/modules/cjs/loader:1552:32)
    at Module._load (node:internal/modules/cjs/loader:1354:12)
    at wrapModuleLoad (node:internal/modules/cjs/loader:255:19)
    at Module.executeUserEntryPoint [as runMain] (node:internal/modules/run_main:154:5)
────────────────────────────────────────────────────────────────────────────────
[2026-07-25T08:55:16.983Z] [uncaughtException]
Error: listen EADDRINUSE: address already in use :::6089
    at Server.setupListenHandle [as _listen2] (node:net:2008:16)
    at listenInCluster (node:net:2065:12)
    at Server.listen (node:net:2170:7)
    at Object.<anonymous> (/Users/yvesyotatchoffo/Mon Drive/Anyhomes/01_Product/01_MVP/Code/Backend/api_bookaro-lovepreet/server.js:289:13)
    at Module._compile (node:internal/modules/cjs/loader:1829:14)
    at Module._extensions..js (node:internal/modules/cjs/loader:1969:10)
    at Module.load (node:internal/modules/cjs/loader:1552:32)
    at Module._load (node:internal/modules/cjs/loader:1354:12)
    at wrapModuleLoad (node:internal/modules/cjs/loader:255:19)
    at Module.executeUserEntryPoint [as runMain] (node:internal/modules/run_main:154:5)
────────────────────────────────────────────────────────────────────────────────
[2026-07-25T08:55:16.988Z] [uncaughtException]
Error: listen EADDRINUSE: address already in use :::6089
    at Server.setupListenHandle [as _listen2] (node:net:2008:16)
    at listenInCluster (node:net:2065:12)
    at Server.listen (node:net:2170:7)
    at Object.<anonymous> (/Users/yvesyotatchoffo/Mon Drive/Anyhomes/01_Product/01_MVP/Code/Backend/api_bookaro-lovepreet/server.js:289:13)
    at Module._compile (node:internal/modules/cjs/loader:1829:14)
    at Module._extensions..js (node:internal/modules/cjs/loader:1969:10)
    at Module.load (node:internal/modules/cjs/loader:1552:32)
    at Module._load (node:internal/modules/cjs/loader:1354:12)
    at wrapModuleLoad (node:internal/modules/cjs/loader:255:19)
    at Module.executeUserEntryPoint [as runMain] (node:internal/modules/run_main:154:5)
────────────────────────────────────────────────────────────────────────────────
[2026-07-25T08:55:16.992Z] [uncaughtException]
Error: listen EADDRINUSE: address already in use :::6089
    at Server.setupListenHandle [as _listen2] (node:net:2008:16)
    at listenInCluster (node:net:2065:12)
    at Server.listen (node:net:2170:7)
    at Object.<anonymous> (/Users/yvesyotatchoffo/Mon Drive/Anyhomes/01_Product/01_MVP/Code/Backend/api_bookaro-lovepreet/server.js:289:13)
    at Module._compile (node:internal/modules/cjs/loader:1829:14)
    at Module._extensions..js (node:internal/modules/cjs/loader:1969:10)
    at Module.load (node:internal/modules/cjs/loader:1552:32)
    at Module._load (node:internal/modules/cjs/loader:1354:12)
    at wrapModuleLoad (node:internal/modules/cjs/loader:255:19)
    at Module.executeUserEntryPoint [as runMain] (node:internal/modules/run_main:154:5)
────────────────────────────────────────────────────────────────────────────────
[2026-07-25T08:55:17.002Z] [uncaughtException]
Error: listen EADDRINUSE: address already in use :::6089
    at Server.setupListenHandle [as _listen2] (node:net:2008:16)
    at listenInCluster (node:net:2065:12)
    at Server.listen (node:net:2170:7)
    at Object.<anonymous> (/Users/yvesyotatchoffo/Mon Drive/Anyhomes/01_Product/01_MVP/Code/Backend/api_bookaro-lovepreet/server.js:289:13)
    at Module._compile (node:internal/modules/cjs/loader:1829:14)
    at Module._extensions..js (node:internal/modules/cjs/loader:1969:10)
    at Module.load (node:internal/modules/cjs/loader:1552:32)
    at Module._load (node:internal/modules/cjs/loader:1354:12)
    at wrapModuleLoad (node:internal/modules/cjs/loader:255:19)
    at Module.executeUserEntryPoint [as runMain] (node:internal/modules/run_main:154:5)
────────────────────────────────────────────────────────────────────────────────
[2026-07-25T08:55:17.003Z] [uncaughtException]
Error: listen EADDRINUSE: address already in use :::6089
    at Server.setupListenHandle [as _listen2] (node:net:2008:16)
    at listenInCluster (node:net:2065:12)
    at Server.listen (node:net:2170:7)
    at Object.<anonymous> (/Users/yvesyotatchoffo/Mon Drive/Anyhomes/01_Product/01_MVP/Code/Backend/api_bookaro-lovepreet/server.js:289:13)
    at Module._compile (node:internal/modules/cjs/loader:1829:14)
    at Module._extensions..js (node:internal/modules/cjs/loader:1969:10)
    at Module.load (node:internal/modules/cjs/loader:1552:32)
    at Module._load (node:internal/modules/cjs/loader:1354:12)
    at wrapModuleLoad (node:internal/modules/cjs/loader:255:19)
    at Module.executeUserEntryPoint [as runMain] (node:internal/modules/run_main:154:5)
────────────────────────────────────────────────────────────────────────────────
[2026-07-25T08:55:17.003Z] [uncaughtException]
Error: listen EADDRINUSE: address already in use :::6089
    at Server.setupListenHandle [as _listen2] (node:net:2008:16)
    at listenInCluster (node:net:2065:12)
    at Server.listen (node:net:2170:7)
    at Object.<anonymous> (/Users/yvesyotatchoffo/Mon Drive/Anyhomes/01_Product/01_MVP/Code/Backend/api_bookaro-lovepreet/server.js:289:13)
    at Module._compile (node:internal/modules/cjs/loader:1829:14)
    at Module._extensions..js (node:internal/modules/cjs/loader:1969:10)
    at Module.load (node:internal/modules/cjs/loader:1552:32)
    at Module._load (node:internal/modules/cjs/loader:1354:12)
    at wrapModuleLoad (node:internal/modules/cjs/loader:255:19)
    at Module.executeUserEntryPoint [as runMain] (node:internal/modules/run_main:154:5)
────────────────────────────────────────────────────────────────────────────────
[2026-07-25T08:55:17.011Z] [uncaughtException]
Error: listen EADDRINUSE: address already in use :::6089
    at Server.setupListenHandle [as _listen2] (node:net:2008:16)
    at listenInCluster (node:net:2065:12)
    at Server.listen (node:net:2170:7)
    at Object.<anonymous> (/Users/yvesyotatchoffo/Mon Drive/Anyhomes/01_Product/01_MVP/Code/Backend/api_bookaro-lovepreet/server.js:289:13)
    at Module._compile (node:internal/modules/cjs/loader:1829:14)
    at Module._extensions..js (node:internal/modules/cjs/loader:1969:10)
    at Module.load (node:internal/modules/cjs/loader:1552:32)
    at Module._load (node:internal/modules/cjs/loader:1354:12)
    at wrapModuleLoad (node:internal/modules/cjs/loader:255:19)
    at Module.executeUserEntryPoint [as runMain] (node:internal/modules/run_main:154:5)
────────────────────────────────────────────────────────────────────────────────
[2026-07-25T08:55:30.213Z] [uncaughtException]
Error: listen EADDRINUSE: address already in use :::6089
    at Server.setupListenHandle [as _listen2] (node:net:2008:16)
    at listenInCluster (node:net:2065:12)
    at Server.listen (node:net:2170:7)
    at Object.<anonymous> (/Users/yvesyotatchoffo/Mon Drive/Anyhomes/01_Product/01_MVP/Code/Backend/api_bookaro-lovepreet/server.js:289:13)
    at Module._compile (node:internal/modules/cjs/loader:1829:14)
    at Module._extensions..js (node:internal/modules/cjs/loader:1969:10)
    at Module.load (node:internal/modules/cjs/loader:1552:32)
    at Module._load (node:internal/modules/cjs/loader:1354:12)
    at wrapModuleLoad (node:internal/modules/cjs/loader:255:19)
    at Module.executeUserEntryPoint [as runMain] (node:internal/modules/run_main:154:5)
────────────────────────────────────────────────────────────────────────────────
[2026-07-25T08:55:30.217Z] [uncaughtException]
Error: listen EADDRINUSE: address already in use :::6089
    at Server.setupListenHandle [as _listen2] (node:net:2008:16)
    at listenInCluster (node:net:2065:12)
    at Server.listen (node:net:2170:7)
    at Object.<anonymous> (/Users/yvesyotatchoffo/Mon Drive/Anyhomes/01_Product/01_MVP/Code/Backend/api_bookaro-lovepreet/server.js:289:13)
    at Module._compile (node:internal/modules/cjs/loader:1829:14)
    at Module._extensions..js (node:internal/modules/cjs/loader:1969:10)
    at Module.load (node:internal/modules/cjs/loader:1552:32)
    at Module._load (node:internal/modules/cjs/loader:1354:12)
    at wrapModuleLoad (node:internal/modules/cjs/loader:255:19)
    at Module.executeUserEntryPoint [as runMain] (node:internal/modules/run_main:154:5)
────────────────────────────────────────────────────────────────────────────────
[2026-07-25T08:55:30.218Z] [uncaughtException]
Error: listen EADDRINUSE: address already in use :::6089
    at Server.setupListenHandle [as _listen2] (node:net:2008:16)
    at listenInCluster (node:net:2065:12)
    at Server.listen (node:net:2170:7)
    at Object.<anonymous> (/Users/yvesyotatchoffo/Mon Drive/Anyhomes/01_Product/01_MVP/Code/Backend/api_bookaro-lovepreet/server.js:289:13)
    at Module._compile (node:internal/modules/cjs/loader:1829:14)
    at Module._extensions..js (node:internal/modules/cjs/loader:1969:10)
    at Module.load (node:internal/modules/cjs/loader:1552:32)
    at Module._load (node:internal/modules/cjs/loader:1354:12)
    at wrapModuleLoad (node:internal/modules/cjs/loader:255:19)
    at Module.executeUserEntryPoint [as runMain] (node:internal/modules/run_main:154:5)
────────────────────────────────────────────────────────────────────────────────
[2026-07-25T08:55:30.217Z] [uncaughtException]
Error: listen EADDRINUSE: address already in use :::6089
    at Server.setupListenHandle [as _listen2] (node:net:2008:16)
    at listenInCluster (node:net:2065:12)
    at Server.listen (node:net:2170:7)
    at Object.<anonymous> (/Users/yvesyotatchoffo/Mon Drive/Anyhomes/01_Product/01_MVP/Code/Backend/api_bookaro-lovepreet/server.js:289:13)
    at Module._compile (node:internal/modules/cjs/loader:1829:14)
    at Module._extensions..js (node:internal/modules/cjs/loader:1969:10)
    at Module.load (node:internal/modules/cjs/loader:1552:32)
    at Module._load (node:internal/modules/cjs/loader:1354:12)
    at wrapModuleLoad (node:internal/modules/cjs/loader:255:19)
    at Module.executeUserEntryPoint [as runMain] (node:internal/modules/run_main:154:5)
────────────────────────────────────────────────────────────────────────────────
[2026-07-25T08:55:30.220Z] [uncaughtException]
Error: listen EADDRINUSE: address already in use :::6089
    at Server.setupListenHandle [as _listen2] (node:net:2008:16)
    at listenInCluster (node:net:2065:12)
    at Server.listen (node:net:2170:7)
    at Object.<anonymous> (/Users/yvesyotatchoffo/Mon Drive/Anyhomes/01_Product/01_MVP/Code/Backend/api_bookaro-lovepreet/server.js:289:13)
    at Module._compile (node:internal/modules/cjs/loader:1829:14)
    at Module._extensions..js (node:internal/modules/cjs/loader:1969:10)
    at Module.load (node:internal/modules/cjs/loader:1552:32)
    at Module._load (node:internal/modules/cjs/loader:1354:12)
    at wrapModuleLoad (node:internal/modules/cjs/loader:255:19)
    at Module.executeUserEntryPoint [as runMain] (node:internal/modules/run_main:154:5)
────────────────────────────────────────────────────────────────────────────────
[2026-07-25T08:55:30.309Z] [uncaughtException]
Error: listen EADDRINUSE: address already in use :::6089
    at Server.setupListenHandle [as _listen2] (node:net:2008:16)
    at listenInCluster (node:net:2065:12)
    at Server.listen (node:net:2170:7)
    at Object.<anonymous> (/Users/yvesyotatchoffo/Mon Drive/Anyhomes/01_Product/01_MVP/Code/Backend/api_bookaro-lovepreet/server.js:289:13)
    at Module._compile (node:internal/modules/cjs/loader:1829:14)
    at Module._extensions..js (node:internal/modules/cjs/loader:1969:10)
    at Module.load (node:internal/modules/cjs/loader:1552:32)
    at Module._load (node:internal/modules/cjs/loader:1354:12)
    at wrapModuleLoad (node:internal/modules/cjs/loader:255:19)
    at Module.executeUserEntryPoint [as runMain] (node:internal/modules/run_main:154:5)
────────────────────────────────────────────────────────────────────────────────
[2026-07-25T08:55:30.438Z] [uncaughtException]
Error: listen EADDRINUSE: address already in use :::6089
    at Server.setupListenHandle [as _listen2] (node:net:2008:16)
    at listenInCluster (node:net:2065:12)
    at Server.listen (node:net:2170:7)
    at Object.<anonymous> (/Users/yvesyotatchoffo/Mon Drive/Anyhomes/01_Product/01_MVP/Code/Backend/api_bookaro-lovepreet/server.js:289:13)
    at Module._compile (node:internal/modules/cjs/loader:1829:14)
    at Module._extensions..js (node:internal/modules/cjs/loader:1969:10)
    at Module.load (node:internal/modules/cjs/loader:1552:32)
    at Module._load (node:internal/modules/cjs/loader:1354:12)
    at wrapModuleLoad (node:internal/modules/cjs/loader:255:19)
    at Module.executeUserEntryPoint [as runMain] (node:internal/modules/run_main:154:5)
────────────────────────────────────────────────────────────────────────────────
[2026-07-25T08:55:41.250Z] [uncaughtException]
Error: listen EADDRINUSE: address already in use :::6089
    at Server.setupListenHandle [as _listen2] (node:net:2008:16)
    at listenInCluster (node:net:2065:12)
    at Server.listen (node:net:2170:7)
    at Object.<anonymous> (/Users/yvesyotatchoffo/Mon Drive/Anyhomes/01_Product/01_MVP/Code/Backend/api_bookaro-lovepreet/server.js:289:13)
    at Module._compile (node:internal/modules/cjs/loader:1829:14)
    at Module._extensions..js (node:internal/modules/cjs/loader:1969:10)
    at Module.load (node:internal/modules/cjs/loader:1552:32)
    at Module._load (node:internal/modules/cjs/loader:1354:12)
    at wrapModuleLoad (node:internal/modules/cjs/loader:255:19)
    at Module.executeUserEntryPoint [as runMain] (node:internal/modules/run_main:154:5)
────────────────────────────────────────────────────────────────────────────────
[2026-07-25T08:55:41.361Z] [uncaughtException]
Error: listen EADDRINUSE: address already in use :::6089
    at Server.setupListenHandle [as _listen2] (node:net:2008:16)
    at listenInCluster (node:net:2065:12)
    at Server.listen (node:net:2170:7)
    at Object.<anonymous> (/Users/yvesyotatchoffo/Mon Drive/Anyhomes/01_Product/01_MVP/Code/Backend/api_bookaro-lovepreet/server.js:289:13)
    at Module._compile (node:internal/modules/cjs/loader:1829:14)
    at Module._extensions..js (node:internal/modules/cjs/loader:1969:10)
    at Module.load (node:internal/modules/cjs/loader:1552:32)
    at Module._load (node:internal/modules/cjs/loader:1354:12)
    at wrapModuleLoad (node:internal/modules/cjs/loader:255:19)
    at Module.executeUserEntryPoint [as runMain] (node:internal/modules/run_main:154:5)
────────────────────────────────────────────────────────────────────────────────
[2026-07-25T08:55:41.393Z] [uncaughtException]
Error: listen EADDRINUSE: address already in use :::6089
    at Server.setupListenHandle [as _listen2] (node:net:2008:16)
    at listenInCluster (node:net:2065:12)
    at Server.listen (node:net:2170:7)
    at Object.<anonymous> (/Users/yvesyotatchoffo/Mon Drive/Anyhomes/01_Product/01_MVP/Code/Backend/api_bookaro-lovepreet/server.js:289:13)
    at Module._compile (node:internal/modules/cjs/loader:1829:14)
    at Module._extensions..js (node:internal/modules/cjs/loader:1969:10)
    at Module.load (node:internal/modules/cjs/loader:1552:32)
    at Module._load (node:internal/modules/cjs/loader:1354:12)
    at wrapModuleLoad (node:internal/modules/cjs/loader:255:19)
    at Module.executeUserEntryPoint [as runMain] (node:internal/modules/run_main:154:5)
────────────────────────────────────────────────────────────────────────────────
[2026-07-25T08:55:41.415Z] [uncaughtException]
Error: listen EADDRINUSE: address already in use :::6089
    at Server.setupListenHandle [as _listen2] (node:net:2008:16)
    at listenInCluster (node:net:2065:12)
    at Server.listen (node:net:2170:7)
    at Object.<anonymous> (/Users/yvesyotatchoffo/Mon Drive/Anyhomes/01_Product/01_MVP/Code/Backend/api_bookaro-lovepreet/server.js:289:13)
    at Module._compile (node:internal/modules/cjs/loader:1829:14)
    at Module._extensions..js (node:internal/modules/cjs/loader:1969:10)
    at Module.load (node:internal/modules/cjs/loader:1552:32)
    at Module._load (node:internal/modules/cjs/loader:1354:12)
    at wrapModuleLoad (node:internal/modules/cjs/loader:255:19)
    at Module.executeUserEntryPoint [as runMain] (node:internal/modules/run_main:154:5)
────────────────────────────────────────────────────────────────────────────────
[2026-07-25T08:55:41.496Z] [uncaughtException]
Error: listen EADDRINUSE: address already in use :::6089
    at Server.setupListenHandle [as _listen2] (node:net:2008:16)
    at listenInCluster (node:net:2065:12)
    at Server.listen (node:net:2170:7)
    at Object.<anonymous> (/Users/yvesyotatchoffo/Mon Drive/Anyhomes/01_Product/01_MVP/Code/Backend/api_bookaro-lovepreet/server.js:289:13)
    at Module._compile (node:internal/modules/cjs/loader:1829:14)
    at Module._extensions..js (node:internal/modules/cjs/loader:1969:10)
    at Module.load (node:internal/modules/cjs/loader:1552:32)
    at Module._load (node:internal/modules/cjs/loader:1354:12)
    at wrapModuleLoad (node:internal/modules/cjs/loader:255:19)
    at Module.executeUserEntryPoint [as runMain] (node:internal/modules/run_main:154:5)
────────────────────────────────────────────────────────────────────────────────
[2026-07-25T08:55:41.519Z] [uncaughtException]
Error: listen EADDRINUSE: address already in use :::6089
    at Server.setupListenHandle [as _listen2] (node:net:2008:16)
    at listenInCluster (node:net:2065:12)
    at Server.listen (node:net:2170:7)
    at Object.<anonymous> (/Users/yvesyotatchoffo/Mon Drive/Anyhomes/01_Product/01_MVP/Code/Backend/api_bookaro-lovepreet/server.js:289:13)
    at Module._compile (node:internal/modules/cjs/loader:1829:14)
    at Module._extensions..js (node:internal/modules/cjs/loader:1969:10)
    at Module.load (node:internal/modules/cjs/loader:1552:32)
    at Module._load (node:internal/modules/cjs/loader:1354:12)
    at wrapModuleLoad (node:internal/modules/cjs/loader:255:19)
    at Module.executeUserEntryPoint [as runMain] (node:internal/modules/run_main:154:5)
────────────────────────────────────────────────────────────────────────────────
[2026-07-25T08:55:41.540Z] [uncaughtException]
Error: listen EADDRINUSE: address already in use :::6089
    at Server.setupListenHandle [as _listen2] (node:net:2008:16)
    at listenInCluster (node:net:2065:12)
    at Server.listen (node:net:2170:7)
    at Object.<anonymous> (/Users/yvesyotatchoffo/Mon Drive/Anyhomes/01_Product/01_MVP/Code/Backend/api_bookaro-lovepreet/server.js:289:13)
    at Module._compile (node:internal/modules/cjs/loader:1829:14)
    at Module._extensions..js (node:internal/modules/cjs/loader:1969:10)
    at Module.load (node:internal/modules/cjs/loader:1552:32)
    at Module._load (node:internal/modules/cjs/loader:1354:12)
    at wrapModuleLoad (node:internal/modules/cjs/loader:255:19)
    at Module.executeUserEntryPoint [as runMain] (node:internal/modules/run_main:154:5)
────────────────────────────────────────────────────────────────────────────────
[2026-07-25T21:56:24.923Z] [unhandledRejection]
MongoServerSelectionError: connection 18 to [::1]:27017 timed out
    at Timeout._onTimeout (/Users/yvesyotatchoffo/Mon Drive/Anyhomes/01_Product/01_MVP/Code/Backend/api_bookaro-lovepreet/node_modules/agenda/node_modules/mongodb/lib/sdam/topology.js:292:38)
    at listOnTimeout (node:internal/timers:605:17)
    at process.processTimers (node:internal/timers:541:7)
────────────────────────────────────────────────────────────────────────────────
[2026-07-26T08:22:02.414Z] [uncaughtException]
/Users/yvesyotatchoffo/Mon Drive/Anyhomes/01_Product/01_MVP/Code/Backend/api_bookaro-lovepreet/app/controllers/FrontendDashboardController.js:1014
  ],
  ^

SyntaxError: Unexpected token ']'
    at wrapSafe (node:internal/modules/cjs/loader:1762:18)
    at Module._compile (node:internal/modules/cjs/loader:1803:20)
    at Module._extensions..js (node:internal/modules/cjs/loader:1969:10)
    at Module.load (node:internal/modules/cjs/loader:1552:32)
    at Module._load (node:internal/modules/cjs/loader:1354:12)
    at wrapModuleLoad (node:internal/modules/cjs/loader:255:19)
    at Module.require (node:internal/modules/cjs/loader:1575:12)
    at require (node:internal/modules/helpers:191:16)
    at Object.<anonymous> (/Users/yvesyotatchoffo/Mon Drive/Anyhomes/01_Product/01_MVP/Code/Backend/api_bookaro-lovepreet/app/routes/frontendDashboard.routes.js:2:27)
    at Module._compile (node:internal/modules/cjs/loader:1829:14)
────────────────────────────────────────────────────────────────────────────────
[2026-07-26T08:28:13.445Z] [uncaughtException]
/Users/yvesyotatchoffo/Mon Drive/Anyhomes/01_Product/01_MVP/Code/Backend/api_bookaro-lovepreet/app/controllers/FrontendDashboardController.js:1014
  ],
  ^

SyntaxError: Unexpected token ']'
    at wrapSafe (node:internal/modules/cjs/loader:1762:18)
    at Module._compile (node:internal/modules/cjs/loader:1803:20)
    at Module._extensions..js (node:internal/modules/cjs/loader:1969:10)
    at Module.load (node:internal/modules/cjs/loader:1552:32)
    at Module._load (node:internal/modules/cjs/loader:1354:12)
    at wrapModuleLoad (node:internal/modules/cjs/loader:255:19)
    at Module.require (node:internal/modules/cjs/loader:1575:12)
    at require (node:internal/modules/helpers:191:16)
    at Object.<anonymous> (/Users/yvesyotatchoffo/Mon Drive/Anyhomes/01_Product/01_MVP/Code/Backend/api_bookaro-lovepreet/app/routes/frontendDashboard.routes.js:2:27)
    at Module._compile (node:internal/modules/cjs/loader:1829:14)
────────────────────────────────────────────────────────────────────────────────
[2026-07-26T08:30:27.710Z] [uncaughtException]
/Users/yvesyotatchoffo/Mon Drive/Anyhomes/01_Product/01_MVP/Code/Backend/api_bookaro-lovepreet/app/controllers/FrontendDashboardController.js:1014
  ],
  ^

SyntaxError: Unexpected token ']'
    at wrapSafe (node:internal/modules/cjs/loader:1762:18)
    at Module._compile (node:internal/modules/cjs/loader:1803:20)
    at Module._extensions..js (node:internal/modules/cjs/loader:1969:10)
    at Module.load (node:internal/modules/cjs/loader:1552:32)
    at Module._load (node:internal/modules/cjs/loader:1354:12)
    at wrapModuleLoad (node:internal/modules/cjs/loader:255:19)
    at Module.require (node:internal/modules/cjs/loader:1575:12)
    at require (node:internal/modules/helpers:191:16)
    at Object.<anonymous> (/Users/yvesyotatchoffo/Mon Drive/Anyhomes/01_Product/01_MVP/Code/Backend/api_bookaro-lovepreet/app/routes/frontendDashboard.routes.js:2:27)
    at Module._compile (node:internal/modules/cjs/loader:1829:14)
────────────────────────────────────────────────────────────────────────────────
[2026-07-26T16:21:19.811Z] [uncaughtException]
Error: listen EADDRINUSE: address already in use :::6089
    at Server.setupListenHandle [as _listen2] (node:net:2008:16)
    at listenInCluster (node:net:2065:12)
    at Server.listen (node:net:2170:7)
    at Object.<anonymous> (/Users/yvesyotatchoffo/Mon Drive/Anyhomes/01_Product/01_MVP/Code/Backend/api_bookaro-lovepreet/server.js:289:13)
    at Module._compile (node:internal/modules/cjs/loader:1829:14)
    at Module._extensions..js (node:internal/modules/cjs/loader:1969:10)
    at Module.load (node:internal/modules/cjs/loader:1552:32)
    at Module._load (node:internal/modules/cjs/loader:1354:12)
    at wrapModuleLoad (node:internal/modules/cjs/loader:255:19)
    at Module.executeUserEntryPoint [as runMain] (node:internal/modules/run_main:154:5)
────────────────────────────────────────────────────────────────────────────────
[2026-07-26T16:24:17.814Z] [uncaughtException]
Error: listen EADDRINUSE: address already in use :::6089
    at Server.setupListenHandle [as _listen2] (node:net:2008:16)
    at listenInCluster (node:net:2065:12)
    at Server.listen (node:net:2170:7)
    at Object.<anonymous> (/Users/yvesyotatchoffo/Mon Drive/Anyhomes/01_Product/01_MVP/Code/Backend/api_bookaro-lovepreet/server.js:289:13)
    at Module._compile (node:internal/modules/cjs/loader:1829:14)
    at Module._extensions..js (node:internal/modules/cjs/loader:1969:10)
    at Module.load (node:internal/modules/cjs/loader:1552:32)
    at Module._load (node:internal/modules/cjs/loader:1354:12)
    at wrapModuleLoad (node:internal/modules/cjs/loader:255:19)
    at Module.executeUserEntryPoint [as runMain] (node:internal/modules/run_main:154:5)
────────────────────────────────────────────────────────────────────────────────
[2026-07-26T16:24:21.103Z] [uncaughtException]
Error: listen EADDRINUSE: address already in use :::6089
    at Server.setupListenHandle [as _listen2] (node:net:2008:16)
    at listenInCluster (node:net:2065:12)
    at Server.listen (node:net:2170:7)
    at Object.<anonymous> (/Users/yvesyotatchoffo/Mon Drive/Anyhomes/01_Product/01_MVP/Code/Backend/api_bookaro-lovepreet/server.js:289:13)
    at Module._compile (node:internal/modules/cjs/loader:1829:14)
    at Module._extensions..js (node:internal/modules/cjs/loader:1969:10)
    at Module.load (node:internal/modules/cjs/loader:1552:32)
    at Module._load (node:internal/modules/cjs/loader:1354:12)
    at wrapModuleLoad (node:internal/modules/cjs/loader:255:19)
    at Module.executeUserEntryPoint [as runMain] (node:internal/modules/run_main:154:5)
────────────────────────────────────────────────────────────────────────────────
[2026-07-26T16:24:25.706Z] [uncaughtException]
Error: listen EADDRINUSE: address already in use :::6089
    at Server.setupListenHandle [as _listen2] (node:net:2008:16)
    at listenInCluster (node:net:2065:12)
    at Server.listen (node:net:2170:7)
    at Object.<anonymous> (/Users/yvesyotatchoffo/Mon Drive/Anyhomes/01_Product/01_MVP/Code/Backend/api_bookaro-lovepreet/server.js:289:13)
    at Module._compile (node:internal/modules/cjs/loader:1829:14)
    at Module._extensions..js (node:internal/modules/cjs/loader:1969:10)
    at Module.load (node:internal/modules/cjs/loader:1552:32)
    at Module._load (node:internal/modules/cjs/loader:1354:12)
    at wrapModuleLoad (node:internal/modules/cjs/loader:255:19)
    at Module.executeUserEntryPoint [as runMain] (node:internal/modules/run_main:154:5)
────────────────────────────────────────────────────────────────────────────────
[2026-07-26T16:24:30.937Z] [uncaughtException]
Error: listen EADDRINUSE: address already in use :::6089
    at Server.setupListenHandle [as _listen2] (node:net:2008:16)
    at listenInCluster (node:net:2065:12)
    at Server.listen (node:net:2170:7)
    at Object.<anonymous> (/Users/yvesyotatchoffo/Mon Drive/Anyhomes/01_Product/01_MVP/Code/Backend/api_bookaro-lovepreet/server.js:289:13)
    at Module._compile (node:internal/modules/cjs/loader:1829:14)
    at Module._extensions..js (node:internal/modules/cjs/loader:1969:10)
    at Module.load (node:internal/modules/cjs/loader:1552:32)
    at Module._load (node:internal/modules/cjs/loader:1354:12)
    at wrapModuleLoad (node:internal/modules/cjs/loader:255:19)
    at Module.executeUserEntryPoint [as runMain] (node:internal/modules/run_main:154:5)
────────────────────────────────────────────────────────────────────────────────
[2026-07-26T16:24:36.905Z] [uncaughtException]
Error: listen EADDRINUSE: address already in use :::6089
    at Server.setupListenHandle [as _listen2] (node:net:2008:16)
    at listenInCluster (node:net:2065:12)
    at Server.listen (node:net:2170:7)
    at Object.<anonymous> (/Users/yvesyotatchoffo/Mon Drive/Anyhomes/01_Product/01_MVP/Code/Backend/api_bookaro-lovepreet/server.js:289:13)
    at Module._compile (node:internal/modules/cjs/loader:1829:14)
    at Module._extensions..js (node:internal/modules/cjs/loader:1969:10)
    at Module.load (node:internal/modules/cjs/loader:1552:32)
    at Module._load (node:internal/modules/cjs/loader:1354:12)
    at wrapModuleLoad (node:internal/modules/cjs/loader:255:19)
    at Module.executeUserEntryPoint [as runMain] (node:internal/modules/run_main:154:5)
────────────────────────────────────────────────────────────────────────────────
[2026-07-26T20:34:02.120Z] [uncaughtException]
Error: listen EADDRINUSE: address already in use :::6089
    at Server.setupListenHandle [as _listen2] (node:net:2008:16)
    at listenInCluster (node:net:2065:12)
    at Server.listen (node:net:2170:7)
    at Object.<anonymous> (/Users/yvesyotatchoffo/Mon Drive/Anyhomes/01_Product/01_MVP/Code/Backend/api_bookaro-lovepreet/server.js:289:13)
    at Module._compile (node:internal/modules/cjs/loader:1829:14)
    at Module._extensions..js (node:internal/modules/cjs/loader:1969:10)
    at Module.load (node:internal/modules/cjs/loader:1552:32)
    at Module._load (node:internal/modules/cjs/loader:1354:12)
    at wrapModuleLoad (node:internal/modules/cjs/loader:255:19)
    at Module.executeUserEntryPoint [as runMain] (node:internal/modules/run_main:154:5)
────────────────────────────────────────────────────────────────────────────────
[2026-07-26T20:37:55.298Z] [uncaughtException]
Error: listen EADDRINUSE: address already in use :::6089
    at Server.setupListenHandle [as _listen2] (node:net:2008:16)
    at listenInCluster (node:net:2065:12)
    at Server.listen (node:net:2170:7)
    at Object.<anonymous> (/Users/yvesyotatchoffo/Mon Drive/Anyhomes/01_Product/01_MVP/Code/Backend/api_bookaro-lovepreet/server.js:289:13)
    at Module._compile (node:internal/modules/cjs/loader:1829:14)
    at Module._extensions..js (node:internal/modules/cjs/loader:1969:10)
    at Module.load (node:internal/modules/cjs/loader:1552:32)
    at Module._load (node:internal/modules/cjs/loader:1354:12)
    at wrapModuleLoad (node:internal/modules/cjs/loader:255:19)
    at Module.executeUserEntryPoint [as runMain] (node:internal/modules/run_main:154:5)
────────────────────────────────────────────────────────────────────────────────
[2026-07-26T20:38:02.615Z] [uncaughtException]
Error: listen EADDRINUSE: address already in use :::6089
    at Server.setupListenHandle [as _listen2] (node:net:2008:16)
    at listenInCluster (node:net:2065:12)
    at Server.listen (node:net:2170:7)
    at Object.<anonymous> (/Users/yvesyotatchoffo/Mon Drive/Anyhomes/01_Product/01_MVP/Code/Backend/api_bookaro-lovepreet/server.js:289:13)
    at Module._compile (node:internal/modules/cjs/loader:1829:14)
    at Module._extensions..js (node:internal/modules/cjs/loader:1969:10)
    at Module.load (node:internal/modules/cjs/loader:1552:32)
    at Module._load (node:internal/modules/cjs/loader:1354:12)
    at wrapModuleLoad (node:internal/modules/cjs/loader:255:19)
    at Module.executeUserEntryPoint [as runMain] (node:internal/modules/run_main:154:5)
────────────────────────────────────────────────────────────────────────────────
[2026-07-26T20:38:10.322Z] [uncaughtException]
Error: listen EADDRINUSE: address already in use :::6089
    at Server.setupListenHandle [as _listen2] (node:net:2008:16)
    at listenInCluster (node:net:2065:12)
    at Server.listen (node:net:2170:7)
    at Object.<anonymous> (/Users/yvesyotatchoffo/Mon Drive/Anyhomes/01_Product/01_MVP/Code/Backend/api_bookaro-lovepreet/server.js:289:13)
    at Module._compile (node:internal/modules/cjs/loader:1829:14)
    at Module._extensions..js (node:internal/modules/cjs/loader:1969:10)
    at Module.load (node:internal/modules/cjs/loader:1552:32)
    at Module._load (node:internal/modules/cjs/loader:1354:12)
    at wrapModuleLoad (node:internal/modules/cjs/loader:255:19)
    at Module.executeUserEntryPoint [as runMain] (node:internal/modules/run_main:154:5)
────────────────────────────────────────────────────────────────────────────────
[2026-07-26T20:52:25.982Z] [uncaughtException]
Error: listen EADDRINUSE: address already in use :::6089
    at Server.setupListenHandle [as _listen2] (node:net:2008:16)
    at listenInCluster (node:net:2065:12)
    at Server.listen (node:net:2170:7)
    at Object.<anonymous> (/Users/yvesyotatchoffo/Mon Drive/Anyhomes/01_Product/01_MVP/Code/Backend/api_bookaro-lovepreet/server.js:289:13)
    at Module._compile (node:internal/modules/cjs/loader:1829:14)
    at Module._extensions..js (node:internal/modules/cjs/loader:1969:10)
    at Module.load (node:internal/modules/cjs/loader:1552:32)
    at Module._load (node:internal/modules/cjs/loader:1354:12)
    at wrapModuleLoad (node:internal/modules/cjs/loader:255:19)
    at Module.executeUserEntryPoint [as runMain] (node:internal/modules/run_main:154:5)
────────────────────────────────────────────────────────────────────────────────
[2026-07-26T20:54:47.618Z] [uncaughtException]
Error: listen EADDRINUSE: address already in use :::6089
    at Server.setupListenHandle [as _listen2] (node:net:2008:16)
    at listenInCluster (node:net:2065:12)
    at Server.listen (node:net:2170:7)
    at Object.<anonymous> (/Users/yvesyotatchoffo/Mon Drive/Anyhomes/01_Product/01_MVP/Code/Backend/api_bookaro-lovepreet/server.js:289:13)
    at Module._compile (node:internal/modules/cjs/loader:1829:14)
    at Module._extensions..js (node:internal/modules/cjs/loader:1969:10)
    at Module.load (node:internal/modules/cjs/loader:1552:32)
    at Module._load (node:internal/modules/cjs/loader:1354:12)
    at wrapModuleLoad (node:internal/modules/cjs/loader:255:19)
    at Module.executeUserEntryPoint [as runMain] (node:internal/modules/run_main:154:5)
────────────────────────────────────────────────────────────────────────────────
[2026-07-26T20:54:50.682Z] [uncaughtException]
Error: listen EADDRINUSE: address already in use :::6089
    at Server.setupListenHandle [as _listen2] (node:net:2008:16)
    at listenInCluster (node:net:2065:12)
    at Server.listen (node:net:2170:7)
    at Object.<anonymous> (/Users/yvesyotatchoffo/Mon Drive/Anyhomes/01_Product/01_MVP/Code/Backend/api_bookaro-lovepreet/server.js:289:13)
    at Module._compile (node:internal/modules/cjs/loader:1829:14)
    at Module._extensions..js (node:internal/modules/cjs/loader:1969:10)
    at Module.load (node:internal/modules/cjs/loader:1552:32)
    at Module._load (node:internal/modules/cjs/loader:1354:12)
    at wrapModuleLoad (node:internal/modules/cjs/loader:255:19)
    at Module.executeUserEntryPoint [as runMain] (node:internal/modules/run_main:154:5)
────────────────────────────────────────────────────────────────────────────────
[2026-07-26T20:54:57.927Z] [uncaughtException]
Error: listen EADDRINUSE: address already in use :::6089
    at Server.setupListenHandle [as _listen2] (node:net:2008:16)
    at listenInCluster (node:net:2065:12)
    at Server.listen (node:net:2170:7)
    at Object.<anonymous> (/Users/yvesyotatchoffo/Mon Drive/Anyhomes/01_Product/01_MVP/Code/Backend/api_bookaro-lovepreet/server.js:289:13)
    at Module._compile (node:internal/modules/cjs/loader:1829:14)
    at Module._extensions..js (node:internal/modules/cjs/loader:1969:10)
    at Module.load (node:internal/modules/cjs/loader:1552:32)
    at Module._load (node:internal/modules/cjs/loader:1354:12)
    at wrapModuleLoad (node:internal/modules/cjs/loader:255:19)
    at Module.executeUserEntryPoint [as runMain] (node:internal/modules/run_main:154:5)
────────────────────────────────────────────────────────────────────────────────
[2026-07-26T20:55:26.190Z] [uncaughtException]
Error: listen EADDRINUSE: address already in use :::6089
    at Server.setupListenHandle [as _listen2] (node:net:2008:16)
    at listenInCluster (node:net:2065:12)
    at Server.listen (node:net:2170:7)
    at Object.<anonymous> (/Users/yvesyotatchoffo/Mon Drive/Anyhomes/01_Product/01_MVP/Code/Backend/api_bookaro-lovepreet/server.js:289:13)
    at Module._compile (node:internal/modules/cjs/loader:1829:14)
    at Module._extensions..js (node:internal/modules/cjs/loader:1969:10)
    at Module.load (node:internal/modules/cjs/loader:1552:32)
    at Module._load (node:internal/modules/cjs/loader:1354:12)
    at wrapModuleLoad (node:internal/modules/cjs/loader:255:19)
    at Module.executeUserEntryPoint [as runMain] (node:internal/modules/run_main:154:5)
────────────────────────────────────────────────────────────────────────────────
[2026-07-26T20:55:30.221Z] [uncaughtException]
Error: listen EADDRINUSE: address already in use :::6089
    at Server.setupListenHandle [as _listen2] (node:net:2008:16)
    at listenInCluster (node:net:2065:12)
    at Server.listen (node:net:2170:7)
    at Object.<anonymous> (/Users/yvesyotatchoffo/Mon Drive/Anyhomes/01_Product/01_MVP/Code/Backend/api_bookaro-lovepreet/server.js:289:13)
    at Module._compile (node:internal/modules/cjs/loader:1829:14)
    at Module._extensions..js (node:internal/modules/cjs/loader:1969:10)
    at Module.load (node:internal/modules/cjs/loader:1552:32)
    at Module._load (node:internal/modules/cjs/loader:1354:12)
    at wrapModuleLoad (node:internal/modules/cjs/loader:255:19)
    at Module.executeUserEntryPoint [as runMain] (node:internal/modules/run_main:154:5)
────────────────────────────────────────────────────────────────────────────────
[2026-07-26T20:55:37.985Z] [uncaughtException]
Error: listen EADDRINUSE: address already in use :::6089
    at Server.setupListenHandle [as _listen2] (node:net:2008:16)
    at listenInCluster (node:net:2065:12)
    at Server.listen (node:net:2170:7)
    at Object.<anonymous> (/Users/yvesyotatchoffo/Mon Drive/Anyhomes/01_Product/01_MVP/Code/Backend/api_bookaro-lovepreet/server.js:289:13)
    at Module._compile (node:internal/modules/cjs/loader:1829:14)
    at Module._extensions..js (node:internal/modules/cjs/loader:1969:10)
    at Module.load (node:internal/modules/cjs/loader:1552:32)
    at Module._load (node:internal/modules/cjs/loader:1354:12)
    at wrapModuleLoad (node:internal/modules/cjs/loader:255:19)
    at Module.executeUserEntryPoint [as runMain] (node:internal/modules/run_main:154:5)
────────────────────────────────────────────────────────────────────────────────
[2026-07-26T20:55:53.576Z] [uncaughtException]
Error: listen EADDRINUSE: address already in use :::6089
    at Server.setupListenHandle [as _listen2] (node:net:2008:16)
    at listenInCluster (node:net:2065:12)
    at Server.listen (node:net:2170:7)
    at Object.<anonymous> (/Users/yvesyotatchoffo/Mon Drive/Anyhomes/01_Product/01_MVP/Code/Backend/api_bookaro-lovepreet/server.js:289:13)
    at Module._compile (node:internal/modules/cjs/loader:1829:14)
    at Module._extensions..js (node:internal/modules/cjs/loader:1969:10)
    at Module.load (node:internal/modules/cjs/loader:1552:32)
    at Module._load (node:internal/modules/cjs/loader:1354:12)
    at wrapModuleLoad (node:internal/modules/cjs/loader:255:19)
    at Module.executeUserEntryPoint [as runMain] (node:internal/modules/run_main:154:5)
────────────────────────────────────────────────────────────────────────────────
[2026-07-26T20:55:59.301Z] [uncaughtException]
Error: listen EADDRINUSE: address already in use :::6089
    at Server.setupListenHandle [as _listen2] (node:net:2008:16)
    at listenInCluster (node:net:2065:12)
    at Server.listen (node:net:2170:7)
    at Object.<anonymous> (/Users/yvesyotatchoffo/Mon Drive/Anyhomes/01_Product/01_MVP/Code/Backend/api_bookaro-lovepreet/server.js:289:13)
    at Module._compile (node:internal/modules/cjs/loader:1829:14)
    at Module._extensions..js (node:internal/modules/cjs/loader:1969:10)
    at Module.load (node:internal/modules/cjs/loader:1552:32)
    at Module._load (node:internal/modules/cjs/loader:1354:12)
    at wrapModuleLoad (node:internal/modules/cjs/loader:255:19)
    at Module.executeUserEntryPoint [as runMain] (node:internal/modules/run_main:154:5)
────────────────────────────────────────────────────────────────────────────────
[2026-07-26T20:56:07.300Z] [uncaughtException]
Error: listen EADDRINUSE: address already in use :::6089
    at Server.setupListenHandle [as _listen2] (node:net:2008:16)
    at listenInCluster (node:net:2065:12)
    at Server.listen (node:net:2170:7)
    at Object.<anonymous> (/Users/yvesyotatchoffo/Mon Drive/Anyhomes/01_Product/01_MVP/Code/Backend/api_bookaro-lovepreet/server.js:289:13)
    at Module._compile (node:internal/modules/cjs/loader:1829:14)
    at Module._extensions..js (node:internal/modules/cjs/loader:1969:10)
    at Module.load (node:internal/modules/cjs/loader:1552:32)
    at Module._load (node:internal/modules/cjs/loader:1354:12)
    at wrapModuleLoad (node:internal/modules/cjs/loader:255:19)
    at Module.executeUserEntryPoint [as runMain] (node:internal/modules/run_main:154:5)
────────────────────────────────────────────────────────────────────────────────
[2026-07-26T20:57:01.275Z] [uncaughtException]
Error: listen EADDRINUSE: address already in use :::6089
    at Server.setupListenHandle [as _listen2] (node:net:2008:16)
    at listenInCluster (node:net:2065:12)
    at Server.listen (node:net:2170:7)
    at Object.<anonymous> (/Users/yvesyotatchoffo/Mon Drive/Anyhomes/01_Product/01_MVP/Code/Backend/api_bookaro-lovepreet/server.js:289:13)
    at Module._compile (node:internal/modules/cjs/loader:1829:14)
    at Module._extensions..js (node:internal/modules/cjs/loader:1969:10)
    at Module.load (node:internal/modules/cjs/loader:1552:32)
    at Module._load (node:internal/modules/cjs/loader:1354:12)
    at wrapModuleLoad (node:internal/modules/cjs/loader:255:19)
    at Module.executeUserEntryPoint [as runMain] (node:internal/modules/run_main:154:5)
────────────────────────────────────────────────────────────────────────────────
[2026-07-26T21:01:23.665Z] [uncaughtException]
Error: listen EADDRINUSE: address already in use :::6089
    at Server.setupListenHandle [as _listen2] (node:net:2008:16)
    at listenInCluster (node:net:2065:12)
    at Server.listen (node:net:2170:7)
    at Object.<anonymous> (/Users/yvesyotatchoffo/Mon Drive/Anyhomes/01_Product/01_MVP/Code/Backend/api_bookaro-lovepreet/server.js:289:13)
    at Module._compile (node:internal/modules/cjs/loader:1829:14)
    at Module._extensions..js (node:internal/modules/cjs/loader:1969:10)
    at Module.load (node:internal/modules/cjs/loader:1552:32)
    at Module._load (node:internal/modules/cjs/loader:1354:12)
    at wrapModuleLoad (node:internal/modules/cjs/loader:255:19)
    at Module.executeUserEntryPoint [as runMain] (node:internal/modules/run_main:154:5)
────────────────────────────────────────────────────────────────────────────────
[2026-07-26T21:01:28.739Z] [uncaughtException]
Error: listen EADDRINUSE: address already in use :::6089
    at Server.setupListenHandle [as _listen2] (node:net:2008:16)
    at listenInCluster (node:net:2065:12)
    at Server.listen (node:net:2170:7)
    at Object.<anonymous> (/Users/yvesyotatchoffo/Mon Drive/Anyhomes/01_Product/01_MVP/Code/Backend/api_bookaro-lovepreet/server.js:289:13)
    at Module._compile (node:internal/modules/cjs/loader:1829:14)
    at Module._extensions..js (node:internal/modules/cjs/loader:1969:10)
    at Module.load (node:internal/modules/cjs/loader:1552:32)
    at Module._load (node:internal/modules/cjs/loader:1354:12)
    at wrapModuleLoad (node:internal/modules/cjs/loader:255:19)
    at Module.executeUserEntryPoint [as runMain] (node:internal/modules/run_main:154:5)
────────────────────────────────────────────────────────────────────────────────
[2026-07-26T21:01:56.334Z] [uncaughtException]
Error: listen EADDRINUSE: address already in use :::6089
    at Server.setupListenHandle [as _listen2] (node:net:2008:16)
    at listenInCluster (node:net:2065:12)
    at Server.listen (node:net:2170:7)
    at Object.<anonymous> (/Users/yvesyotatchoffo/Mon Drive/Anyhomes/01_Product/01_MVP/Code/Backend/api_bookaro-lovepreet/server.js:289:13)
    at Module._compile (node:internal/modules/cjs/loader:1829:14)
    at Module._extensions..js (node:internal/modules/cjs/loader:1969:10)
    at Module.load (node:internal/modules/cjs/loader:1552:32)
    at Module._load (node:internal/modules/cjs/loader:1354:12)
    at wrapModuleLoad (node:internal/modules/cjs/loader:255:19)
    at Module.executeUserEntryPoint [as runMain] (node:internal/modules/run_main:154:5)
────────────────────────────────────────────────────────────────────────────────
[2026-07-26T21:01:56.335Z] [uncaughtException]
Error: listen EADDRINUSE: address already in use :::6089
    at Server.setupListenHandle [as _listen2] (node:net:2008:16)
    at listenInCluster (node:net:2065:12)
    at Server.listen (node:net:2170:7)
    at Object.<anonymous> (/Users/yvesyotatchoffo/Mon Drive/Anyhomes/01_Product/01_MVP/Code/Backend/api_bookaro-lovepreet/server.js:289:13)
    at Module._compile (node:internal/modules/cjs/loader:1829:14)
    at Module._extensions..js (node:internal/modules/cjs/loader:1969:10)
    at Module.load (node:internal/modules/cjs/loader:1552:32)
    at Module._load (node:internal/modules/cjs/loader:1354:12)
    at wrapModuleLoad (node:internal/modules/cjs/loader:255:19)
    at Module.executeUserEntryPoint [as runMain] (node:internal/modules/run_main:154:5)
────────────────────────────────────────────────────────────────────────────────
[2026-07-26T21:05:17.910Z] [uncaughtException]
Error: listen EADDRINUSE: address already in use :::6089
    at Server.setupListenHandle [as _listen2] (node:net:2008:16)
    at listenInCluster (node:net:2065:12)
    at Server.listen (node:net:2170:7)
    at Object.<anonymous> (/Users/yvesyotatchoffo/Mon Drive/Anyhomes/01_Product/01_MVP/Code/Backend/api_bookaro-lovepreet/server.js:289:13)
    at Module._compile (node:internal/modules/cjs/loader:1829:14)
    at Module._extensions..js (node:internal/modules/cjs/loader:1969:10)
    at Module.load (node:internal/modules/cjs/loader:1552:32)
    at Module._load (node:internal/modules/cjs/loader:1354:12)
    at wrapModuleLoad (node:internal/modules/cjs/loader:255:19)
    at Module.executeUserEntryPoint [as runMain] (node:internal/modules/run_main:154:5)
────────────────────────────────────────────────────────────────────────────────
[2026-07-26T21:05:17.910Z] [uncaughtException]
Error: listen EADDRINUSE: address already in use :::6089
    at Server.setupListenHandle [as _listen2] (node:net:2008:16)
    at listenInCluster (node:net:2065:12)
    at Server.listen (node:net:2170:7)
    at Object.<anonymous> (/Users/yvesyotatchoffo/Mon Drive/Anyhomes/01_Product/01_MVP/Code/Backend/api_bookaro-lovepreet/server.js:289:13)
    at Module._compile (node:internal/modules/cjs/loader:1829:14)
    at Module._extensions..js (node:internal/modules/cjs/loader:1969:10)
    at Module.load (node:internal/modules/cjs/loader:1552:32)
    at Module._load (node:internal/modules/cjs/loader:1354:12)
    at wrapModuleLoad (node:internal/modules/cjs/loader:255:19)
    at Module.executeUserEntryPoint [as runMain] (node:internal/modules/run_main:154:5)
────────────────────────────────────────────────────────────────────────────────
[2026-07-26T21:05:23.172Z] [uncaughtException]
Error: listen EADDRINUSE: address already in use :::6089
    at Server.setupListenHandle [as _listen2] (node:net:2008:16)
    at listenInCluster (node:net:2065:12)
    at Server.listen (node:net:2170:7)
    at Object.<anonymous> (/Users/yvesyotatchoffo/Mon Drive/Anyhomes/01_Product/01_MVP/Code/Backend/api_bookaro-lovepreet/server.js:289:13)
    at Module._compile (node:internal/modules/cjs/loader:1829:14)
    at Module._extensions..js (node:internal/modules/cjs/loader:1969:10)
    at Module.load (node:internal/modules/cjs/loader:1552:32)
    at Module._load (node:internal/modules/cjs/loader:1354:12)
    at wrapModuleLoad (node:internal/modules/cjs/loader:255:19)
    at Module.executeUserEntryPoint [as runMain] (node:internal/modules/run_main:154:5)
────────────────────────────────────────────────────────────────────────────────
[2026-07-26T21:05:23.187Z] [uncaughtException]
Error: listen EADDRINUSE: address already in use :::6089
    at Server.setupListenHandle [as _listen2] (node:net:2008:16)
    at listenInCluster (node:net:2065:12)
    at Server.listen (node:net:2170:7)
    at Object.<anonymous> (/Users/yvesyotatchoffo/Mon Drive/Anyhomes/01_Product/01_MVP/Code/Backend/api_bookaro-lovepreet/server.js:289:13)
    at Module._compile (node:internal/modules/cjs/loader:1829:14)
    at Module._extensions..js (node:internal/modules/cjs/loader:1969:10)
    at Module.load (node:internal/modules/cjs/loader:1552:32)
    at Module._load (node:internal/modules/cjs/loader:1354:12)
    at wrapModuleLoad (node:internal/modules/cjs/loader:255:19)
    at Module.executeUserEntryPoint [as runMain] (node:internal/modules/run_main:154:5)
────────────────────────────────────────────────────────────────────────────────
[2026-07-26T21:15:20.821Z] [uncaughtException]
Error: listen EADDRINUSE: address already in use :::6089
    at Server.setupListenHandle [as _listen2] (node:net:2008:16)
    at listenInCluster (node:net:2065:12)
    at Server.listen (node:net:2170:7)
    at Object.<anonymous> (/Users/yvesyotatchoffo/Mon Drive/Anyhomes/01_Product/01_MVP/Code/Backend/api_bookaro-lovepreet/server.js:289:13)
    at Module._compile (node:internal/modules/cjs/loader:1829:14)
    at Module._extensions..js (node:internal/modules/cjs/loader:1969:10)
    at Module.load (node:internal/modules/cjs/loader:1552:32)
    at Module._load (node:internal/modules/cjs/loader:1354:12)
    at wrapModuleLoad (node:internal/modules/cjs/loader:255:19)
    at Module.executeUserEntryPoint [as runMain] (node:internal/modules/run_main:154:5)
────────────────────────────────────────────────────────────────────────────────
[2026-07-26T21:15:20.821Z] [uncaughtException]
Error: listen EADDRINUSE: address already in use :::6089
    at Server.setupListenHandle [as _listen2] (node:net:2008:16)
    at listenInCluster (node:net:2065:12)
    at Server.listen (node:net:2170:7)
    at Object.<anonymous> (/Users/yvesyotatchoffo/Mon Drive/Anyhomes/01_Product/01_MVP/Code/Backend/api_bookaro-lovepreet/server.js:289:13)
    at Module._compile (node:internal/modules/cjs/loader:1829:14)
    at Module._extensions..js (node:internal/modules/cjs/loader:1969:10)
    at Module.load (node:internal/modules/cjs/loader:1552:32)
    at Module._load (node:internal/modules/cjs/loader:1354:12)
    at wrapModuleLoad (node:internal/modules/cjs/loader:255:19)
    at Module.executeUserEntryPoint [as runMain] (node:internal/modules/run_main:154:5)
────────────────────────────────────────────────────────────────────────────────
[2026-07-26T21:15:20.822Z] [uncaughtException]
Error: listen EADDRINUSE: address already in use :::6089
    at Server.setupListenHandle [as _listen2] (node:net:2008:16)
    at listenInCluster (node:net:2065:12)
    at Server.listen (node:net:2170:7)
    at Object.<anonymous> (/Users/yvesyotatchoffo/Mon Drive/Anyhomes/01_Product/01_MVP/Code/Backend/api_bookaro-lovepreet/server.js:289:13)
    at Module._compile (node:internal/modules/cjs/loader:1829:14)
    at Module._extensions..js (node:internal/modules/cjs/loader:1969:10)
    at Module.load (node:internal/modules/cjs/loader:1552:32)
    at Module._load (node:internal/modules/cjs/loader:1354:12)
    at wrapModuleLoad (node:internal/modules/cjs/loader:255:19)
    at Module.executeUserEntryPoint [as runMain] (node:internal/modules/run_main:154:5)
────────────────────────────────────────────────────────────────────────────────
[2026-07-26T21:15:58.603Z] [uncaughtException]
Error: listen EADDRINUSE: address already in use :::6089
    at Server.setupListenHandle [as _listen2] (node:net:2008:16)
    at listenInCluster (node:net:2065:12)
    at Server.listen (node:net:2170:7)
    at Object.<anonymous> (/Users/yvesyotatchoffo/Mon Drive/Anyhomes/01_Product/01_MVP/Code/Backend/api_bookaro-lovepreet/server.js:289:13)
    at Module._compile (node:internal/modules/cjs/loader:1829:14)
    at Module._extensions..js (node:internal/modules/cjs/loader:1969:10)
    at Module.load (node:internal/modules/cjs/loader:1552:32)
    at Module._load (node:internal/modules/cjs/loader:1354:12)
    at wrapModuleLoad (node:internal/modules/cjs/loader:255:19)
    at Module.executeUserEntryPoint [as runMain] (node:internal/modules/run_main:154:5)
────────────────────────────────────────────────────────────────────────────────
[2026-07-26T21:15:58.603Z] [uncaughtException]
Error: listen EADDRINUSE: address already in use :::6089
    at Server.setupListenHandle [as _listen2] (node:net:2008:16)
    at listenInCluster (node:net:2065:12)
    at Server.listen (node:net:2170:7)
    at Object.<anonymous> (/Users/yvesyotatchoffo/Mon Drive/Anyhomes/01_Product/01_MVP/Code/Backend/api_bookaro-lovepreet/server.js:289:13)
    at Module._compile (node:internal/modules/cjs/loader:1829:14)
    at Module._extensions..js (node:internal/modules/cjs/loader:1969:10)
    at Module.load (node:internal/modules/cjs/loader:1552:32)
    at Module._load (node:internal/modules/cjs/loader:1354:12)
    at wrapModuleLoad (node:internal/modules/cjs/loader:255:19)
    at Module.executeUserEntryPoint [as runMain] (node:internal/modules/run_main:154:5)
────────────────────────────────────────────────────────────────────────────────
[2026-07-26T21:15:58.605Z] [uncaughtException]
Error: listen EADDRINUSE: address already in use :::6089
    at Server.setupListenHandle [as _listen2] (node:net:2008:16)
    at listenInCluster (node:net:2065:12)
    at Server.listen (node:net:2170:7)
    at Object.<anonymous> (/Users/yvesyotatchoffo/Mon Drive/Anyhomes/01_Product/01_MVP/Code/Backend/api_bookaro-lovepreet/server.js:289:13)
    at Module._compile (node:internal/modules/cjs/loader:1829:14)
    at Module._extensions..js (node:internal/modules/cjs/loader:1969:10)
    at Module.load (node:internal/modules/cjs/loader:1552:32)
    at Module._load (node:internal/modules/cjs/loader:1354:12)
    at wrapModuleLoad (node:internal/modules/cjs/loader:255:19)
    at Module.executeUserEntryPoint [as runMain] (node:internal/modules/run_main:154:5)
────────────────────────────────────────────────────────────────────────────────
[2026-07-26T21:15:58.606Z] [uncaughtException]
Error: listen EADDRINUSE: address already in use :::6089
    at Server.setupListenHandle [as _listen2] (node:net:2008:16)
    at listenInCluster (node:net:2065:12)
    at Server.listen (node:net:2170:7)
    at Object.<anonymous> (/Users/yvesyotatchoffo/Mon Drive/Anyhomes/01_Product/01_MVP/Code/Backend/api_bookaro-lovepreet/server.js:289:13)
    at Module._compile (node:internal/modules/cjs/loader:1829:14)
    at Module._extensions..js (node:internal/modules/cjs/loader:1969:10)
    at Module.load (node:internal/modules/cjs/loader:1552:32)
    at Module._load (node:internal/modules/cjs/loader:1354:12)
    at wrapModuleLoad (node:internal/modules/cjs/loader:255:19)
    at Module.executeUserEntryPoint [as runMain] (node:internal/modules/run_main:154:5)
────────────────────────────────────────────────────────────────────────────────
[2026-07-26T21:16:03.500Z] [uncaughtException]
Error: listen EADDRINUSE: address already in use :::6089
    at Server.setupListenHandle [as _listen2] (node:net:2008:16)
    at listenInCluster (node:net:2065:12)
    at Server.listen (node:net:2170:7)
    at Object.<anonymous> (/Users/yvesyotatchoffo/Mon Drive/Anyhomes/01_Product/01_MVP/Code/Backend/api_bookaro-lovepreet/server.js:289:13)
    at Module._compile (node:internal/modules/cjs/loader:1829:14)
    at Module._extensions..js (node:internal/modules/cjs/loader:1969:10)
    at Module.load (node:internal/modules/cjs/loader:1552:32)
    at Module._load (node:internal/modules/cjs/loader:1354:12)
    at wrapModuleLoad (node:internal/modules/cjs/loader:255:19)
    at Module.executeUserEntryPoint [as runMain] (node:internal/modules/run_main:154:5)
────────────────────────────────────────────────────────────────────────────────
[2026-07-26T21:16:03.599Z] [uncaughtException]
Error: listen EADDRINUSE: address already in use :::6089
    at Server.setupListenHandle [as _listen2] (node:net:2008:16)
    at listenInCluster (node:net:2065:12)
    at Server.listen (node:net:2170:7)
    at Object.<anonymous> (/Users/yvesyotatchoffo/Mon Drive/Anyhomes/01_Product/01_MVP/Code/Backend/api_bookaro-lovepreet/server.js:289:13)
    at Module._compile (node:internal/modules/cjs/loader:1829:14)
    at Module._extensions..js (node:internal/modules/cjs/loader:1969:10)
    at Module.load (node:internal/modules/cjs/loader:1552:32)
    at Module._load (node:internal/modules/cjs/loader:1354:12)
    at wrapModuleLoad (node:internal/modules/cjs/loader:255:19)
    at Module.executeUserEntryPoint [as runMain] (node:internal/modules/run_main:154:5)
────────────────────────────────────────────────────────────────────────────────
[2026-07-26T21:16:03.692Z] [uncaughtException]
Error: listen EADDRINUSE: address already in use :::6089
    at Server.setupListenHandle [as _listen2] (node:net:2008:16)
    at listenInCluster (node:net:2065:12)
    at Server.listen (node:net:2170:7)
    at Object.<anonymous> (/Users/yvesyotatchoffo/Mon Drive/Anyhomes/01_Product/01_MVP/Code/Backend/api_bookaro-lovepreet/server.js:289:13)
    at Module._compile (node:internal/modules/cjs/loader:1829:14)
    at Module._extensions..js (node:internal/modules/cjs/loader:1969:10)
    at Module.load (node:internal/modules/cjs/loader:1552:32)
    at Module._load (node:internal/modules/cjs/loader:1354:12)
    at wrapModuleLoad (node:internal/modules/cjs/loader:255:19)
    at Module.executeUserEntryPoint [as runMain] (node:internal/modules/run_main:154:5)
────────────────────────────────────────────────────────────────────────────────
[2026-07-26T21:16:04.186Z] [uncaughtException]
Error: listen EADDRINUSE: address already in use :::6089
    at Server.setupListenHandle [as _listen2] (node:net:2008:16)
    at listenInCluster (node:net:2065:12)
    at Server.listen (node:net:2170:7)
    at Object.<anonymous> (/Users/yvesyotatchoffo/Mon Drive/Anyhomes/01_Product/01_MVP/Code/Backend/api_bookaro-lovepreet/server.js:289:13)
    at Module._compile (node:internal/modules/cjs/loader:1829:14)
    at Module._extensions..js (node:internal/modules/cjs/loader:1969:10)
    at Module.load (node:internal/modules/cjs/loader:1552:32)
    at Module._load (node:internal/modules/cjs/loader:1354:12)
    at wrapModuleLoad (node:internal/modules/cjs/loader:255:19)
    at Module.executeUserEntryPoint [as runMain] (node:internal/modules/run_main:154:5)
────────────────────────────────────────────────────────────────────────────────
[2026-07-26T21:16:47.558Z] [uncaughtException]
Error: listen EADDRINUSE: address already in use :::6089
    at Server.setupListenHandle [as _listen2] (node:net:2008:16)
    at listenInCluster (node:net:2065:12)
    at Server.listen (node:net:2170:7)
    at Object.<anonymous> (/Users/yvesyotatchoffo/Mon Drive/Anyhomes/01_Product/01_MVP/Code/Backend/api_bookaro-lovepreet/server.js:289:13)
    at Module._compile (node:internal/modules/cjs/loader:1829:14)
    at Module._extensions..js (node:internal/modules/cjs/loader:1969:10)
    at Module.load (node:internal/modules/cjs/loader:1552:32)
    at Module._load (node:internal/modules/cjs/loader:1354:12)
    at wrapModuleLoad (node:internal/modules/cjs/loader:255:19)
    at Module.executeUserEntryPoint [as runMain] (node:internal/modules/run_main:154:5)
────────────────────────────────────────────────────────────────────────────────
[2026-07-26T21:16:48.395Z] [uncaughtException]
Error: listen EADDRINUSE: address already in use :::6089
    at Server.setupListenHandle [as _listen2] (node:net:2008:16)
    at listenInCluster (node:net:2065:12)
    at Server.listen (node:net:2170:7)
    at Object.<anonymous> (/Users/yvesyotatchoffo/Mon Drive/Anyhomes/01_Product/01_MVP/Code/Backend/api_bookaro-lovepreet/server.js:289:13)
    at Module._compile (node:internal/modules/cjs/loader:1829:14)
    at Module._extensions..js (node:internal/modules/cjs/loader:1969:10)
    at Module.load (node:internal/modules/cjs/loader:1552:32)
    at Module._load (node:internal/modules/cjs/loader:1354:12)
    at wrapModuleLoad (node:internal/modules/cjs/loader:255:19)
    at Module.executeUserEntryPoint [as runMain] (node:internal/modules/run_main:154:5)
────────────────────────────────────────────────────────────────────────────────
[2026-07-26T21:16:48.532Z] [uncaughtException]
Error: listen EADDRINUSE: address already in use :::6089
    at Server.setupListenHandle [as _listen2] (node:net:2008:16)
    at listenInCluster (node:net:2065:12)
    at Server.listen (node:net:2170:7)
    at Object.<anonymous> (/Users/yvesyotatchoffo/Mon Drive/Anyhomes/01_Product/01_MVP/Code/Backend/api_bookaro-lovepreet/server.js:289:13)
    at Module._compile (node:internal/modules/cjs/loader:1829:14)
    at Module._extensions..js (node:internal/modules/cjs/loader:1969:10)
    at Module.load (node:internal/modules/cjs/loader:1552:32)
    at Module._load (node:internal/modules/cjs/loader:1354:12)
    at wrapModuleLoad (node:internal/modules/cjs/loader:255:19)
    at Module.executeUserEntryPoint [as runMain] (node:internal/modules/run_main:154:5)
────────────────────────────────────────────────────────────────────────────────
[2026-07-26T21:16:48.562Z] [uncaughtException]
Error: listen EADDRINUSE: address already in use :::6089
    at Server.setupListenHandle [as _listen2] (node:net:2008:16)
    at listenInCluster (node:net:2065:12)
    at Server.listen (node:net:2170:7)
    at Object.<anonymous> (/Users/yvesyotatchoffo/Mon Drive/Anyhomes/01_Product/01_MVP/Code/Backend/api_bookaro-lovepreet/server.js:289:13)
    at Module._compile (node:internal/modules/cjs/loader:1829:14)
    at Module._extensions..js (node:internal/modules/cjs/loader:1969:10)
    at Module.load (node:internal/modules/cjs/loader:1552:32)
    at Module._load (node:internal/modules/cjs/loader:1354:12)
    at wrapModuleLoad (node:internal/modules/cjs/loader:255:19)
    at Module.executeUserEntryPoint [as runMain] (node:internal/modules/run_main:154:5)
────────────────────────────────────────────────────────────────────────────────
[2026-07-26T21:16:52.993Z] [uncaughtException]
Error: listen EADDRINUSE: address already in use :::6089
    at Server.setupListenHandle [as _listen2] (node:net:2008:16)
    at listenInCluster (node:net:2065:12)
    at Server.listen (node:net:2170:7)
    at Object.<anonymous> (/Users/yvesyotatchoffo/Mon Drive/Anyhomes/01_Product/01_MVP/Code/Backend/api_bookaro-lovepreet/server.js:289:13)
    at Module._compile (node:internal/modules/cjs/loader:1829:14)
    at Module._extensions..js (node:internal/modules/cjs/loader:1969:10)
    at Module.load (node:internal/modules/cjs/loader:1552:32)
    at Module._load (node:internal/modules/cjs/loader:1354:12)
    at wrapModuleLoad (node:internal/modules/cjs/loader:255:19)
    at Module.executeUserEntryPoint [as runMain] (node:internal/modules/run_main:154:5)
────────────────────────────────────────────────────────────────────────────────
[2026-07-26T21:16:59.692Z] [uncaughtException]
Error: listen EADDRINUSE: address already in use :::6089
    at Server.setupListenHandle [as _listen2] (node:net:2008:16)
    at listenInCluster (node:net:2065:12)
    at Server.listen (node:net:2170:7)
    at Object.<anonymous> (/Users/yvesyotatchoffo/Mon Drive/Anyhomes/01_Product/01_MVP/Code/Backend/api_bookaro-lovepreet/server.js:289:13)
    at Module._compile (node:internal/modules/cjs/loader:1829:14)
    at Module._extensions..js (node:internal/modules/cjs/loader:1969:10)
    at Module.load (node:internal/modules/cjs/loader:1552:32)
    at Module._load (node:internal/modules/cjs/loader:1354:12)
    at wrapModuleLoad (node:internal/modules/cjs/loader:255:19)
    at Module.executeUserEntryPoint [as runMain] (node:internal/modules/run_main:154:5)
────────────────────────────────────────────────────────────────────────────────
[2026-07-26T21:16:59.693Z] [uncaughtException]
Error: listen EADDRINUSE: address already in use :::6089
    at Server.setupListenHandle [as _listen2] (node:net:2008:16)
    at listenInCluster (node:net:2065:12)
    at Server.listen (node:net:2170:7)
    at Object.<anonymous> (/Users/yvesyotatchoffo/Mon Drive/Anyhomes/01_Product/01_MVP/Code/Backend/api_bookaro-lovepreet/server.js:289:13)
    at Module._compile (node:internal/modules/cjs/loader:1829:14)
    at Module._extensions..js (node:internal/modules/cjs/loader:1969:10)
    at Module.load (node:internal/modules/cjs/loader:1552:32)
    at Module._load (node:internal/modules/cjs/loader:1354:12)
    at wrapModuleLoad (node:internal/modules/cjs/loader:255:19)
    at Module.executeUserEntryPoint [as runMain] (node:internal/modules/run_main:154:5)
────────────────────────────────────────────────────────────────────────────────
[2026-07-26T21:16:59.703Z] [uncaughtException]
Error: listen EADDRINUSE: address already in use :::6089
    at Server.setupListenHandle [as _listen2] (node:net:2008:16)
    at listenInCluster (node:net:2065:12)
    at Server.listen (node:net:2170:7)
    at Object.<anonymous> (/Users/yvesyotatchoffo/Mon Drive/Anyhomes/01_Product/01_MVP/Code/Backend/api_bookaro-lovepreet/server.js:289:13)
    at Module._compile (node:internal/modules/cjs/loader:1829:14)
    at Module._extensions..js (node:internal/modules/cjs/loader:1969:10)
    at Module.load (node:internal/modules/cjs/loader:1552:32)
    at Module._load (node:internal/modules/cjs/loader:1354:12)
    at wrapModuleLoad (node:internal/modules/cjs/loader:255:19)
    at Module.executeUserEntryPoint [as runMain] (node:internal/modules/run_main:154:5)
────────────────────────────────────────────────────────────────────────────────
[2026-07-26T21:16:59.716Z] [uncaughtException]
Error: listen EADDRINUSE: address already in use :::6089
    at Server.setupListenHandle [as _listen2] (node:net:2008:16)
    at listenInCluster (node:net:2065:12)
    at Server.listen (node:net:2170:7)
    at Object.<anonymous> (/Users/yvesyotatchoffo/Mon Drive/Anyhomes/01_Product/01_MVP/Code/Backend/api_bookaro-lovepreet/server.js:289:13)
    at Module._compile (node:internal/modules/cjs/loader:1829:14)
    at Module._extensions..js (node:internal/modules/cjs/loader:1969:10)
    at Module.load (node:internal/modules/cjs/loader:1552:32)
    at Module._load (node:internal/modules/cjs/loader:1354:12)
    at wrapModuleLoad (node:internal/modules/cjs/loader:255:19)
    at Module.executeUserEntryPoint [as runMain] (node:internal/modules/run_main:154:5)
────────────────────────────────────────────────────────────────────────────────
[2026-07-26T21:16:59.721Z] [uncaughtException]
Error: listen EADDRINUSE: address already in use :::6089
    at Server.setupListenHandle [as _listen2] (node:net:2008:16)
    at listenInCluster (node:net:2065:12)
    at Server.listen (node:net:2170:7)
    at Object.<anonymous> (/Users/yvesyotatchoffo/Mon Drive/Anyhomes/01_Product/01_MVP/Code/Backend/api_bookaro-lovepreet/server.js:289:13)
    at Module._compile (node:internal/modules/cjs/loader:1829:14)
    at Module._extensions..js (node:internal/modules/cjs/loader:1969:10)
    at Module.load (node:internal/modules/cjs/loader:1552:32)
    at Module._load (node:internal/modules/cjs/loader:1354:12)
    at wrapModuleLoad (node:internal/modules/cjs/loader:255:19)
    at Module.executeUserEntryPoint [as runMain] (node:internal/modules/run_main:154:5)
────────────────────────────────────────────────────────────────────────────────
[2026-07-26T22:01:03.584Z] [uncaughtException]
Error: listen EADDRINUSE: address already in use :::6089
    at Server.setupListenHandle [as _listen2] (node:net:2008:16)
    at listenInCluster (node:net:2065:12)
    at Server.listen (node:net:2170:7)
    at Object.<anonymous> (/Users/yvesyotatchoffo/Mon Drive/Anyhomes/01_Product/01_MVP/Code/Backend/api_bookaro-lovepreet/server.js:289:13)
    at Module._compile (node:internal/modules/cjs/loader:1829:14)
    at Module._extensions..js (node:internal/modules/cjs/loader:1969:10)
    at Module.load (node:internal/modules/cjs/loader:1552:32)
    at Module._load (node:internal/modules/cjs/loader:1354:12)
    at wrapModuleLoad (node:internal/modules/cjs/loader:255:19)
    at Module.executeUserEntryPoint [as runMain] (node:internal/modules/run_main:154:5)
────────────────────────────────────────────────────────────────────────────────
[2026-07-26T22:01:03.583Z] [uncaughtException]
Error: listen EADDRINUSE: address already in use :::6089
    at Server.setupListenHandle [as _listen2] (node:net:2008:16)
    at listenInCluster (node:net:2065:12)
    at Server.listen (node:net:2170:7)
    at Object.<anonymous> (/Users/yvesyotatchoffo/Mon Drive/Anyhomes/01_Product/01_MVP/Code/Backend/api_bookaro-lovepreet/server.js:289:13)
    at Module._compile (node:internal/modules/cjs/loader:1829:14)
    at Module._extensions..js (node:internal/modules/cjs/loader:1969:10)
    at Module.load (node:internal/modules/cjs/loader:1552:32)
    at Module._load (node:internal/modules/cjs/loader:1354:12)
    at wrapModuleLoad (node:internal/modules/cjs/loader:255:19)
    at Module.executeUserEntryPoint [as runMain] (node:internal/modules/run_main:154:5)
────────────────────────────────────────────────────────────────────────────────
[2026-07-26T22:01:03.584Z] [uncaughtException]
Error: listen EADDRINUSE: address already in use :::6089
    at Server.setupListenHandle [as _listen2] (node:net:2008:16)
    at listenInCluster (node:net:2065:12)
    at Server.listen (node:net:2170:7)
    at Object.<anonymous> (/Users/yvesyotatchoffo/Mon Drive/Anyhomes/01_Product/01_MVP/Code/Backend/api_bookaro-lovepreet/server.js:289:13)
    at Module._compile (node:internal/modules/cjs/loader:1829:14)
    at Module._extensions..js (node:internal/modules/cjs/loader:1969:10)
    at Module.load (node:internal/modules/cjs/loader:1552:32)
    at Module._load (node:internal/modules/cjs/loader:1354:12)
    at wrapModuleLoad (node:internal/modules/cjs/loader:255:19)
    at Module.executeUserEntryPoint [as runMain] (node:internal/modules/run_main:154:5)
────────────────────────────────────────────────────────────────────────────────
[2026-07-26T22:01:03.585Z] [uncaughtException]
Error: listen EADDRINUSE: address already in use :::6089
    at Server.setupListenHandle [as _listen2] (node:net:2008:16)
    at listenInCluster (node:net:2065:12)
    at Server.listen (node:net:2170:7)
    at Object.<anonymous> (/Users/yvesyotatchoffo/Mon Drive/Anyhomes/01_Product/01_MVP/Code/Backend/api_bookaro-lovepreet/server.js:289:13)
    at Module._compile (node:internal/modules/cjs/loader:1829:14)
    at Module._extensions..js (node:internal/modules/cjs/loader:1969:10)
    at Module.load (node:internal/modules/cjs/loader:1552:32)
    at Module._load (node:internal/modules/cjs/loader:1354:12)
    at wrapModuleLoad (node:internal/modules/cjs/loader:255:19)
    at Module.executeUserEntryPoint [as runMain] (node:internal/modules/run_main:154:5)
────────────────────────────────────────────────────────────────────────────────
[2026-07-26T22:01:03.585Z] [uncaughtException]
Error: listen EADDRINUSE: address already in use :::6089
    at Server.setupListenHandle [as _listen2] (node:net:2008:16)
    at listenInCluster (node:net:2065:12)
    at Server.listen (node:net:2170:7)
    at Object.<anonymous> (/Users/yvesyotatchoffo/Mon Drive/Anyhomes/01_Product/01_MVP/Code/Backend/api_bookaro-lovepreet/server.js:289:13)
    at Module._compile (node:internal/modules/cjs/loader:1829:14)
    at Module._extensions..js (node:internal/modules/cjs/loader:1969:10)
    at Module.load (node:internal/modules/cjs/loader:1552:32)
    at Module._load (node:internal/modules/cjs/loader:1354:12)
    at wrapModuleLoad (node:internal/modules/cjs/loader:255:19)
    at Module.executeUserEntryPoint [as runMain] (node:internal/modules/run_main:154:5)
────────────────────────────────────────────────────────────────────────────────
[2026-07-26T22:01:03.586Z] [uncaughtException]
Error: listen EADDRINUSE: address already in use :::6089
    at Server.setupListenHandle [as _listen2] (node:net:2008:16)
    at listenInCluster (node:net:2065:12)
    at Server.listen (node:net:2170:7)
    at Object.<anonymous> (/Users/yvesyotatchoffo/Mon Drive/Anyhomes/01_Product/01_MVP/Code/Backend/api_bookaro-lovepreet/server.js:289:13)
    at Module._compile (node:internal/modules/cjs/loader:1829:14)
    at Module._extensions..js (node:internal/modules/cjs/loader:1969:10)
    at Module.load (node:internal/modules/cjs/loader:1552:32)
    at Module._load (node:internal/modules/cjs/loader:1354:12)
    at wrapModuleLoad (node:internal/modules/cjs/loader:255:19)
    at Module.executeUserEntryPoint [as runMain] (node:internal/modules/run_main:154:5)
────────────────────────────────────────────────────────────────────────────────
[2026-07-26T22:01:14.424Z] [uncaughtException]
Error: listen EADDRINUSE: address already in use :::6089
    at Server.setupListenHandle [as _listen2] (node:net:2008:16)
    at listenInCluster (node:net:2065:12)
    at Server.listen (node:net:2170:7)
    at Object.<anonymous> (/Users/yvesyotatchoffo/Mon Drive/Anyhomes/01_Product/01_MVP/Code/Backend/api_bookaro-lovepreet/server.js:289:13)
    at Module._compile (node:internal/modules/cjs/loader:1829:14)
    at Module._extensions..js (node:internal/modules/cjs/loader:1969:10)
    at Module.load (node:internal/modules/cjs/loader:1552:32)
    at Module._load (node:internal/modules/cjs/loader:1354:12)
    at wrapModuleLoad (node:internal/modules/cjs/loader:255:19)
    at Module.executeUserEntryPoint [as runMain] (node:internal/modules/run_main:154:5)
────────────────────────────────────────────────────────────────────────────────
[2026-07-26T22:01:14.451Z] [uncaughtException]
Error: listen EADDRINUSE: address already in use :::6089
    at Server.setupListenHandle [as _listen2] (node:net:2008:16)
    at listenInCluster (node:net:2065:12)
    at Server.listen (node:net:2170:7)
    at Object.<anonymous> (/Users/yvesyotatchoffo/Mon Drive/Anyhomes/01_Product/01_MVP/Code/Backend/api_bookaro-lovepreet/server.js:289:13)
    at Module._compile (node:internal/modules/cjs/loader:1829:14)
    at Module._extensions..js (node:internal/modules/cjs/loader:1969:10)
    at Module.load (node:internal/modules/cjs/loader:1552:32)
    at Module._load (node:internal/modules/cjs/loader:1354:12)
    at wrapModuleLoad (node:internal/modules/cjs/loader:255:19)
    at Module.executeUserEntryPoint [as runMain] (node:internal/modules/run_main:154:5)
────────────────────────────────────────────────────────────────────────────────
[2026-07-26T22:01:14.463Z] [uncaughtException]
Error: listen EADDRINUSE: address already in use :::6089
    at Server.setupListenHandle [as _listen2] (node:net:2008:16)
    at listenInCluster (node:net:2065:12)
    at Server.listen (node:net:2170:7)
    at Object.<anonymous> (/Users/yvesyotatchoffo/Mon Drive/Anyhomes/01_Product/01_MVP/Code/Backend/api_bookaro-lovepreet/server.js:289:13)
    at Module._compile (node:internal/modules/cjs/loader:1829:14)
    at Module._extensions..js (node:internal/modules/cjs/loader:1969:10)
    at Module.load (node:internal/modules/cjs/loader:1552:32)
    at Module._load (node:internal/modules/cjs/loader:1354:12)
    at wrapModuleLoad (node:internal/modules/cjs/loader:255:19)
    at Module.executeUserEntryPoint [as runMain] (node:internal/modules/run_main:154:5)
────────────────────────────────────────────────────────────────────────────────
[2026-07-26T22:01:14.476Z] [uncaughtException]
Error: listen EADDRINUSE: address already in use :::6089
    at Server.setupListenHandle [as _listen2] (node:net:2008:16)
    at listenInCluster (node:net:2065:12)
    at Server.listen (node:net:2170:7)
    at Object.<anonymous> (/Users/yvesyotatchoffo/Mon Drive/Anyhomes/01_Product/01_MVP/Code/Backend/api_bookaro-lovepreet/server.js:289:13)
    at Module._compile (node:internal/modules/cjs/loader:1829:14)
    at Module._extensions..js (node:internal/modules/cjs/loader:1969:10)
    at Module.load (node:internal/modules/cjs/loader:1552:32)
    at Module._load (node:internal/modules/cjs/loader:1354:12)
    at wrapModuleLoad (node:internal/modules/cjs/loader:255:19)
    at Module.executeUserEntryPoint [as runMain] (node:internal/modules/run_main:154:5)
────────────────────────────────────────────────────────────────────────────────
[2026-07-26T22:01:14.478Z] [uncaughtException]
Error: listen EADDRINUSE: address already in use :::6089
    at Server.setupListenHandle [as _listen2] (node:net:2008:16)
    at listenInCluster (node:net:2065:12)
    at Server.listen (node:net:2170:7)
    at Object.<anonymous> (/Users/yvesyotatchoffo/Mon Drive/Anyhomes/01_Product/01_MVP/Code/Backend/api_bookaro-lovepreet/server.js:289:13)
    at Module._compile (node:internal/modules/cjs/loader:1829:14)
    at Module._extensions..js (node:internal/modules/cjs/loader:1969:10)
    at Module.load (node:internal/modules/cjs/loader:1552:32)
    at Module._load (node:internal/modules/cjs/loader:1354:12)
    at wrapModuleLoad (node:internal/modules/cjs/loader:255:19)
    at Module.executeUserEntryPoint [as runMain] (node:internal/modules/run_main:154:5)
────────────────────────────────────────────────────────────────────────────────
[2026-07-26T22:01:14.486Z] [uncaughtException]
Error: listen EADDRINUSE: address already in use :::6089
    at Server.setupListenHandle [as _listen2] (node:net:2008:16)
    at listenInCluster (node:net:2065:12)
    at Server.listen (node:net:2170:7)
    at Object.<anonymous> (/Users/yvesyotatchoffo/Mon Drive/Anyhomes/01_Product/01_MVP/Code/Backend/api_bookaro-lovepreet/server.js:289:13)
    at Module._compile (node:internal/modules/cjs/loader:1829:14)
    at Module._extensions..js (node:internal/modules/cjs/loader:1969:10)
    at Module.load (node:internal/modules/cjs/loader:1552:32)
    at Module._load (node:internal/modules/cjs/loader:1354:12)
    at wrapModuleLoad (node:internal/modules/cjs/loader:255:19)
    at Module.executeUserEntryPoint [as runMain] (node:internal/modules/run_main:154:5)
────────────────────────────────────────────────────────────────────────────────
[2026-07-26T22:01:21.058Z] [uncaughtException]
Error: listen EADDRINUSE: address already in use :::6089
    at Server.setupListenHandle [as _listen2] (node:net:2008:16)
    at listenInCluster (node:net:2065:12)
    at Server.listen (node:net:2170:7)
    at Object.<anonymous> (/Users/yvesyotatchoffo/Mon Drive/Anyhomes/01_Product/01_MVP/Code/Backend/api_bookaro-lovepreet/server.js:289:13)
    at Module._compile (node:internal/modules/cjs/loader:1829:14)
    at Module._extensions..js (node:internal/modules/cjs/loader:1969:10)
    at Module.load (node:internal/modules/cjs/loader:1552:32)
    at Module._load (node:internal/modules/cjs/loader:1354:12)
    at wrapModuleLoad (node:internal/modules/cjs/loader:255:19)
    at Module.executeUserEntryPoint [as runMain] (node:internal/modules/run_main:154:5)
────────────────────────────────────────────────────────────────────────────────
[2026-07-26T22:01:21.072Z] [uncaughtException]
Error: listen EADDRINUSE: address already in use :::6089
    at Server.setupListenHandle [as _listen2] (node:net:2008:16)
    at listenInCluster (node:net:2065:12)
    at Server.listen (node:net:2170:7)
    at Object.<anonymous> (/Users/yvesyotatchoffo/Mon Drive/Anyhomes/01_Product/01_MVP/Code/Backend/api_bookaro-lovepreet/server.js:289:13)
    at Module._compile (node:internal/modules/cjs/loader:1829:14)
    at Module._extensions..js (node:internal/modules/cjs/loader:1969:10)
    at Module.load (node:internal/modules/cjs/loader:1552:32)
    at Module._load (node:internal/modules/cjs/loader:1354:12)
    at wrapModuleLoad (node:internal/modules/cjs/loader:255:19)
    at Module.executeUserEntryPoint [as runMain] (node:internal/modules/run_main:154:5)
────────────────────────────────────────────────────────────────────────────────
[2026-07-26T22:01:21.075Z] [uncaughtException]
Error: listen EADDRINUSE: address already in use :::6089
    at Server.setupListenHandle [as _listen2] (node:net:2008:16)
    at listenInCluster (node:net:2065:12)
    at Server.listen (node:net:2170:7)
    at Object.<anonymous> (/Users/yvesyotatchoffo/Mon Drive/Anyhomes/01_Product/01_MVP/Code/Backend/api_bookaro-lovepreet/server.js:289:13)
    at Module._compile (node:internal/modules/cjs/loader:1829:14)
    at Module._extensions..js (node:internal/modules/cjs/loader:1969:10)
    at Module.load (node:internal/modules/cjs/loader:1552:32)
    at Module._load (node:internal/modules/cjs/loader:1354:12)
    at wrapModuleLoad (node:internal/modules/cjs/loader:255:19)
    at Module.executeUserEntryPoint [as runMain] (node:internal/modules/run_main:154:5)
────────────────────────────────────────────────────────────────────────────────
[2026-07-26T22:01:21.118Z] [uncaughtException]
Error: listen EADDRINUSE: address already in use :::6089
    at Server.setupListenHandle [as _listen2] (node:net:2008:16)
    at listenInCluster (node:net:2065:12)
    at Server.listen (node:net:2170:7)
    at Object.<anonymous> (/Users/yvesyotatchoffo/Mon Drive/Anyhomes/01_Product/01_MVP/Code/Backend/api_bookaro-lovepreet/server.js:289:13)
    at Module._compile (node:internal/modules/cjs/loader:1829:14)
    at Module._extensions..js (node:internal/modules/cjs/loader:1969:10)
    at Module.load (node:internal/modules/cjs/loader:1552:32)
    at Module._load (node:internal/modules/cjs/loader:1354:12)
    at wrapModuleLoad (node:internal/modules/cjs/loader:255:19)
    at Module.executeUserEntryPoint [as runMain] (node:internal/modules/run_main:154:5)
────────────────────────────────────────────────────────────────────────────────
[2026-07-26T22:01:21.133Z] [uncaughtException]
Error: listen EADDRINUSE: address already in use :::6089
    at Server.setupListenHandle [as _listen2] (node:net:2008:16)
    at listenInCluster (node:net:2065:12)
    at Server.listen (node:net:2170:7)
    at Object.<anonymous> (/Users/yvesyotatchoffo/Mon Drive/Anyhomes/01_Product/01_MVP/Code/Backend/api_bookaro-lovepreet/server.js:289:13)
    at Module._compile (node:internal/modules/cjs/loader:1829:14)
    at Module._extensions..js (node:internal/modules/cjs/loader:1969:10)
    at Module.load (node:internal/modules/cjs/loader:1552:32)
    at Module._load (node:internal/modules/cjs/loader:1354:12)
    at wrapModuleLoad (node:internal/modules/cjs/loader:255:19)
    at Module.executeUserEntryPoint [as runMain] (node:internal/modules/run_main:154:5)
────────────────────────────────────────────────────────────────────────────────
[2026-07-26T22:01:21.151Z] [uncaughtException]
Error: listen EADDRINUSE: address already in use :::6089
    at Server.setupListenHandle [as _listen2] (node:net:2008:16)
    at listenInCluster (node:net:2065:12)
    at Server.listen (node:net:2170:7)
    at Object.<anonymous> (/Users/yvesyotatchoffo/Mon Drive/Anyhomes/01_Product/01_MVP/Code/Backend/api_bookaro-lovepreet/server.js:289:13)
    at Module._compile (node:internal/modules/cjs/loader:1829:14)
    at Module._extensions..js (node:internal/modules/cjs/loader:1969:10)
    at Module.load (node:internal/modules/cjs/loader:1552:32)
    at Module._load (node:internal/modules/cjs/loader:1354:12)
    at wrapModuleLoad (node:internal/modules/cjs/loader:255:19)
    at Module.executeUserEntryPoint [as runMain] (node:internal/modules/run_main:154:5)
────────────────────────────────────────────────────────────────────────────────
[2026-07-26T22:01:56.311Z] [uncaughtException]
Error: listen EADDRINUSE: address already in use :::6089
    at Server.setupListenHandle [as _listen2] (node:net:2008:16)
    at listenInCluster (node:net:2065:12)
    at Server.listen (node:net:2170:7)
    at Object.<anonymous> (/Users/yvesyotatchoffo/Mon Drive/Anyhomes/01_Product/01_MVP/Code/Backend/api_bookaro-lovepreet/server.js:289:13)
    at Module._compile (node:internal/modules/cjs/loader:1829:14)
    at Module._extensions..js (node:internal/modules/cjs/loader:1969:10)
    at Module.load (node:internal/modules/cjs/loader:1552:32)
    at Module._load (node:internal/modules/cjs/loader:1354:12)
    at wrapModuleLoad (node:internal/modules/cjs/loader:255:19)
    at Module.executeUserEntryPoint [as runMain] (node:internal/modules/run_main:154:5)
────────────────────────────────────────────────────────────────────────────────
[2026-07-26T22:01:56.375Z] [uncaughtException]
Error: listen EADDRINUSE: address already in use :::6089
    at Server.setupListenHandle [as _listen2] (node:net:2008:16)
    at listenInCluster (node:net:2065:12)
    at Server.listen (node:net:2170:7)
    at Object.<anonymous> (/Users/yvesyotatchoffo/Mon Drive/Anyhomes/01_Product/01_MVP/Code/Backend/api_bookaro-lovepreet/server.js:289:13)
    at Module._compile (node:internal/modules/cjs/loader:1829:14)
    at Module._extensions..js (node:internal/modules/cjs/loader:1969:10)
    at Module.load (node:internal/modules/cjs/loader:1552:32)
    at Module._load (node:internal/modules/cjs/loader:1354:12)
    at wrapModuleLoad (node:internal/modules/cjs/loader:255:19)
    at Module.executeUserEntryPoint [as runMain] (node:internal/modules/run_main:154:5)
────────────────────────────────────────────────────────────────────────────────
[2026-07-26T22:01:56.404Z] [uncaughtException]
Error: listen EADDRINUSE: address already in use :::6089
    at Server.setupListenHandle [as _listen2] (node:net:2008:16)
    at listenInCluster (node:net:2065:12)
    at Server.listen (node:net:2170:7)
    at Object.<anonymous> (/Users/yvesyotatchoffo/Mon Drive/Anyhomes/01_Product/01_MVP/Code/Backend/api_bookaro-lovepreet/server.js:289:13)
    at Module._compile (node:internal/modules/cjs/loader:1829:14)
    at Module._extensions..js (node:internal/modules/cjs/loader:1969:10)
    at Module.load (node:internal/modules/cjs/loader:1552:32)
    at Module._load (node:internal/modules/cjs/loader:1354:12)
    at wrapModuleLoad (node:internal/modules/cjs/loader:255:19)
    at Module.executeUserEntryPoint [as runMain] (node:internal/modules/run_main:154:5)
────────────────────────────────────────────────────────────────────────────────
[2026-07-26T22:01:56.815Z] [uncaughtException]
Error: listen EADDRINUSE: address already in use :::6089
    at Server.setupListenHandle [as _listen2] (node:net:2008:16)
    at listenInCluster (node:net:2065:12)
    at Server.listen (node:net:2170:7)
    at Object.<anonymous> (/Users/yvesyotatchoffo/Mon Drive/Anyhomes/01_Product/01_MVP/Code/Backend/api_bookaro-lovepreet/server.js:289:13)
    at Module._compile (node:internal/modules/cjs/loader:1829:14)
    at Module._extensions..js (node:internal/modules/cjs/loader:1969:10)
    at Module.load (node:internal/modules/cjs/loader:1552:32)
    at Module._load (node:internal/modules/cjs/loader:1354:12)
    at wrapModuleLoad (node:internal/modules/cjs/loader:255:19)
    at Module.executeUserEntryPoint [as runMain] (node:internal/modules/run_main:154:5)
────────────────────────────────────────────────────────────────────────────────
[2026-07-26T22:01:56.991Z] [uncaughtException]
Error: listen EADDRINUSE: address already in use :::6089
    at Server.setupListenHandle [as _listen2] (node:net:2008:16)
    at listenInCluster (node:net:2065:12)
    at Server.listen (node:net:2170:7)
    at Object.<anonymous> (/Users/yvesyotatchoffo/Mon Drive/Anyhomes/01_Product/01_MVP/Code/Backend/api_bookaro-lovepreet/server.js:289:13)
    at Module._compile (node:internal/modules/cjs/loader:1829:14)
    at Module._extensions..js (node:internal/modules/cjs/loader:1969:10)
    at Module.load (node:internal/modules/cjs/loader:1552:32)
    at Module._load (node:internal/modules/cjs/loader:1354:12)
    at wrapModuleLoad (node:internal/modules/cjs/loader:255:19)
    at Module.executeUserEntryPoint [as runMain] (node:internal/modules/run_main:154:5)
────────────────────────────────────────────────────────────────────────────────
[2026-07-26T22:01:57.074Z] [uncaughtException]
Error: listen EADDRINUSE: address already in use :::6089
    at Server.setupListenHandle [as _listen2] (node:net:2008:16)
    at listenInCluster (node:net:2065:12)
    at Server.listen (node:net:2170:7)
    at Object.<anonymous> (/Users/yvesyotatchoffo/Mon Drive/Anyhomes/01_Product/01_MVP/Code/Backend/api_bookaro-lovepreet/server.js:289:13)
    at Module._compile (node:internal/modules/cjs/loader:1829:14)
    at Module._extensions..js (node:internal/modules/cjs/loader:1969:10)
    at Module.load (node:internal/modules/cjs/loader:1552:32)
    at Module._load (node:internal/modules/cjs/loader:1354:12)
    at wrapModuleLoad (node:internal/modules/cjs/loader:255:19)
    at Module.executeUserEntryPoint [as runMain] (node:internal/modules/run_main:154:5)
────────────────────────────────────────────────────────────────────────────────
[2026-07-26T22:01:57.406Z] [uncaughtException]
Error: listen EADDRINUSE: address already in use :::6089
    at Server.setupListenHandle [as _listen2] (node:net:2008:16)
    at listenInCluster (node:net:2065:12)
    at Server.listen (node:net:2170:7)
    at Object.<anonymous> (/Users/yvesyotatchoffo/Mon Drive/Anyhomes/01_Product/01_MVP/Code/Backend/api_bookaro-lovepreet/server.js:289:13)
    at Module._compile (node:internal/modules/cjs/loader:1829:14)
    at Module._extensions..js (node:internal/modules/cjs/loader:1969:10)
    at Module.load (node:internal/modules/cjs/loader:1552:32)
    at Module._load (node:internal/modules/cjs/loader:1354:12)
    at wrapModuleLoad (node:internal/modules/cjs/loader:255:19)
    at Module.executeUserEntryPoint [as runMain] (node:internal/modules/run_main:154:5)
────────────────────────────────────────────────────────────────────────────────
[2026-07-26T22:15:14.728Z] [uncaughtException]
Error: listen EADDRINUSE: address already in use :::6089
    at Server.setupListenHandle [as _listen2] (node:net:2008:16)
    at listenInCluster (node:net:2065:12)
    at Server.listen (node:net:2170:7)
    at Object.<anonymous> (/Users/yvesyotatchoffo/Mon Drive/Anyhomes/01_Product/01_MVP/Code/Backend/api_bookaro-lovepreet/server.js:289:13)
    at Module._compile (node:internal/modules/cjs/loader:1829:14)
    at Module._extensions..js (node:internal/modules/cjs/loader:1969:10)
    at Module.load (node:internal/modules/cjs/loader:1552:32)
    at Module._load (node:internal/modules/cjs/loader:1354:12)
    at wrapModuleLoad (node:internal/modules/cjs/loader:255:19)
    at Module.executeUserEntryPoint [as runMain] (node:internal/modules/run_main:154:5)
────────────────────────────────────────────────────────────────────────────────
[2026-07-26T22:15:14.728Z] [uncaughtException]
Error: listen EADDRINUSE: address already in use :::6089
    at Server.setupListenHandle [as _listen2] (node:net:2008:16)
    at listenInCluster (node:net:2065:12)
    at Server.listen (node:net:2170:7)
    at Object.<anonymous> (/Users/yvesyotatchoffo/Mon Drive/Anyhomes/01_Product/01_MVP/Code/Backend/api_bookaro-lovepreet/server.js:289:13)
    at Module._compile (node:internal/modules/cjs/loader:1829:14)
    at Module._extensions..js (node:internal/modules/cjs/loader:1969:10)
    at Module.load (node:internal/modules/cjs/loader:1552:32)
    at Module._load (node:internal/modules/cjs/loader:1354:12)
    at wrapModuleLoad (node:internal/modules/cjs/loader:255:19)
    at Module.executeUserEntryPoint [as runMain] (node:internal/modules/run_main:154:5)
────────────────────────────────────────────────────────────────────────────────
[2026-07-26T22:15:14.728Z] [uncaughtException]
Error: listen EADDRINUSE: address already in use :::6089
    at Server.setupListenHandle [as _listen2] (node:net:2008:16)
    at listenInCluster (node:net:2065:12)
    at Server.listen (node:net:2170:7)
    at Object.<anonymous> (/Users/yvesyotatchoffo/Mon Drive/Anyhomes/01_Product/01_MVP/Code/Backend/api_bookaro-lovepreet/server.js:289:13)
    at Module._compile (node:internal/modules/cjs/loader:1829:14)
    at Module._extensions..js (node:internal/modules/cjs/loader:1969:10)
    at Module.load (node:internal/modules/cjs/loader:1552:32)
    at Module._load (node:internal/modules/cjs/loader:1354:12)
    at wrapModuleLoad (node:internal/modules/cjs/loader:255:19)
    at Module.executeUserEntryPoint [as runMain] (node:internal/modules/run_main:154:5)
────────────────────────────────────────────────────────────────────────────────
[2026-07-26T22:15:14.729Z] [uncaughtException]
Error: listen EADDRINUSE: address already in use :::6089
    at Server.setupListenHandle [as _listen2] (node:net:2008:16)
    at listenInCluster (node:net:2065:12)
    at Server.listen (node:net:2170:7)
    at Object.<anonymous> (/Users/yvesyotatchoffo/Mon Drive/Anyhomes/01_Product/01_MVP/Code/Backend/api_bookaro-lovepreet/server.js:289:13)
    at Module._compile (node:internal/modules/cjs/loader:1829:14)
    at Module._extensions..js (node:internal/modules/cjs/loader:1969:10)
    at Module.load (node:internal/modules/cjs/loader:1552:32)
    at Module._load (node:internal/modules/cjs/loader:1354:12)
    at wrapModuleLoad (node:internal/modules/cjs/loader:255:19)
    at Module.executeUserEntryPoint [as runMain] (node:internal/modules/run_main:154:5)
────────────────────────────────────────────────────────────────────────────────
[2026-07-26T22:15:14.729Z] [uncaughtException]
Error: listen EADDRINUSE: address already in use :::6089
    at Server.setupListenHandle [as _listen2] (node:net:2008:16)
    at listenInCluster (node:net:2065:12)
    at Server.listen (node:net:2170:7)
    at Object.<anonymous> (/Users/yvesyotatchoffo/Mon Drive/Anyhomes/01_Product/01_MVP/Code/Backend/api_bookaro-lovepreet/server.js:289:13)
    at Module._compile (node:internal/modules/cjs/loader:1829:14)
    at Module._extensions..js (node:internal/modules/cjs/loader:1969:10)
    at Module.load (node:internal/modules/cjs/loader:1552:32)
    at Module._load (node:internal/modules/cjs/loader:1354:12)
    at wrapModuleLoad (node:internal/modules/cjs/loader:255:19)
    at Module.executeUserEntryPoint [as runMain] (node:internal/modules/run_main:154:5)
────────────────────────────────────────────────────────────────────────────────
[2026-07-26T22:15:14.730Z] [uncaughtException]
Error: listen EADDRINUSE: address already in use :::6089
    at Server.setupListenHandle [as _listen2] (node:net:2008:16)
    at listenInCluster (node:net:2065:12)
    at Server.listen (node:net:2170:7)
    at Object.<anonymous> (/Users/yvesyotatchoffo/Mon Drive/Anyhomes/01_Product/01_MVP/Code/Backend/api_bookaro-lovepreet/server.js:289:13)
    at Module._compile (node:internal/modules/cjs/loader:1829:14)
    at Module._extensions..js (node:internal/modules/cjs/loader:1969:10)
    at Module.load (node:internal/modules/cjs/loader:1552:32)
    at Module._load (node:internal/modules/cjs/loader:1354:12)
    at wrapModuleLoad (node:internal/modules/cjs/loader:255:19)
    at Module.executeUserEntryPoint [as runMain] (node:internal/modules/run_main:154:5)
────────────────────────────────────────────────────────────────────────────────
[2026-07-26T22:15:14.730Z] [uncaughtException]
Error: listen EADDRINUSE: address already in use :::6089
    at Server.setupListenHandle [as _listen2] (node:net:2008:16)
    at listenInCluster (node:net:2065:12)
    at Server.listen (node:net:2170:7)
    at Object.<anonymous> (/Users/yvesyotatchoffo/Mon Drive/Anyhomes/01_Product/01_MVP/Code/Backend/api_bookaro-lovepreet/server.js:289:13)
    at Module._compile (node:internal/modules/cjs/loader:1829:14)
    at Module._extensions..js (node:internal/modules/cjs/loader:1969:10)
    at Module.load (node:internal/modules/cjs/loader:1552:32)
    at Module._load (node:internal/modules/cjs/loader:1354:12)
    at wrapModuleLoad (node:internal/modules/cjs/loader:255:19)
    at Module.executeUserEntryPoint [as runMain] (node:internal/modules/run_main:154:5)
────────────────────────────────────────────────────────────────────────────────
[2026-07-26T22:15:29.852Z] [uncaughtException]
Error: listen EADDRINUSE: address already in use :::6089
    at Server.setupListenHandle [as _listen2] (node:net:2008:16)
    at listenInCluster (node:net:2065:12)
    at Server.listen (node:net:2170:7)
    at Object.<anonymous> (/Users/yvesyotatchoffo/Mon Drive/Anyhomes/01_Product/01_MVP/Code/Backend/api_bookaro-lovepreet/server.js:289:13)
    at Module._compile (node:internal/modules/cjs/loader:1829:14)
    at Module._extensions..js (node:internal/modules/cjs/loader:1969:10)
    at Module.load (node:internal/modules/cjs/loader:1552:32)
    at Module._load (node:internal/modules/cjs/loader:1354:12)
    at wrapModuleLoad (node:internal/modules/cjs/loader:255:19)
    at Module.executeUserEntryPoint [as runMain] (node:internal/modules/run_main:154:5)
────────────────────────────────────────────────────────────────────────────────
[2026-07-26T22:15:29.852Z] [uncaughtException]
Error: listen EADDRINUSE: address already in use :::6089
    at Server.setupListenHandle [as _listen2] (node:net:2008:16)
    at listenInCluster (node:net:2065:12)
    at Server.listen (node:net:2170:7)
    at Object.<anonymous> (/Users/yvesyotatchoffo/Mon Drive/Anyhomes/01_Product/01_MVP/Code/Backend/api_bookaro-lovepreet/server.js:289:13)
    at Module._compile (node:internal/modules/cjs/loader:1829:14)
    at Module._extensions..js (node:internal/modules/cjs/loader:1969:10)
    at Module.load (node:internal/modules/cjs/loader:1552:32)
    at Module._load (node:internal/modules/cjs/loader:1354:12)
    at wrapModuleLoad (node:internal/modules/cjs/loader:255:19)
    at Module.executeUserEntryPoint [as runMain] (node:internal/modules/run_main:154:5)
────────────────────────────────────────────────────────────────────────────────
[2026-07-26T22:15:29.853Z] [uncaughtException]
Error: listen EADDRINUSE: address already in use :::6089
    at Server.setupListenHandle [as _listen2] (node:net:2008:16)
    at listenInCluster (node:net:2065:12)
    at Server.listen (node:net:2170:7)
    at Object.<anonymous> (/Users/yvesyotatchoffo/Mon Drive/Anyhomes/01_Product/01_MVP/Code/Backend/api_bookaro-lovepreet/server.js:289:13)
    at Module._compile (node:internal/modules/cjs/loader:1829:14)
    at Module._extensions..js (node:internal/modules/cjs/loader:1969:10)
    at Module.load (node:internal/modules/cjs/loader:1552:32)
    at Module._load (node:internal/modules/cjs/loader:1354:12)
    at wrapModuleLoad (node:internal/modules/cjs/loader:255:19)
    at Module.executeUserEntryPoint [as runMain] (node:internal/modules/run_main:154:5)
────────────────────────────────────────────────────────────────────────────────
[2026-07-26T22:15:29.853Z] [uncaughtException]
Error: listen EADDRINUSE: address already in use :::6089
    at Server.setupListenHandle [as _listen2] (node:net:2008:16)
    at listenInCluster (node:net:2065:12)
    at Server.listen (node:net:2170:7)
    at Object.<anonymous> (/Users/yvesyotatchoffo/Mon Drive/Anyhomes/01_Product/01_MVP/Code/Backend/api_bookaro-lovepreet/server.js:289:13)
    at Module._compile (node:internal/modules/cjs/loader:1829:14)
    at Module._extensions..js (node:internal/modules/cjs/loader:1969:10)
    at Module.load (node:internal/modules/cjs/loader:1552:32)
    at Module._load (node:internal/modules/cjs/loader:1354:12)
    at wrapModuleLoad (node:internal/modules/cjs/loader:255:19)
    at Module.executeUserEntryPoint [as runMain] (node:internal/modules/run_main:154:5)
────────────────────────────────────────────────────────────────────────────────
[2026-07-26T22:15:29.854Z] [uncaughtException]
Error: listen EADDRINUSE: address already in use :::6089
    at Server.setupListenHandle [as _listen2] (node:net:2008:16)
    at listenInCluster (node:net:2065:12)
    at Server.listen (node:net:2170:7)
    at Object.<anonymous> (/Users/yvesyotatchoffo/Mon Drive/Anyhomes/01_Product/01_MVP/Code/Backend/api_bookaro-lovepreet/server.js:289:13)
    at Module._compile (node:internal/modules/cjs/loader:1829:14)
    at Module._extensions..js (node:internal/modules/cjs/loader:1969:10)
    at Module.load (node:internal/modules/cjs/loader:1552:32)
    at Module._load (node:internal/modules/cjs/loader:1354:12)
    at wrapModuleLoad (node:internal/modules/cjs/loader:255:19)
    at Module.executeUserEntryPoint [as runMain] (node:internal/modules/run_main:154:5)
────────────────────────────────────────────────────────────────────────────────
[2026-07-26T22:15:29.855Z] [uncaughtException]
Error: listen EADDRINUSE: address already in use :::6089
    at Server.setupListenHandle [as _listen2] (node:net:2008:16)
    at listenInCluster (node:net:2065:12)
    at Server.listen (node:net:2170:7)
    at Object.<anonymous> (/Users/yvesyotatchoffo/Mon Drive/Anyhomes/01_Product/01_MVP/Code/Backend/api_bookaro-lovepreet/server.js:289:13)
    at Module._compile (node:internal/modules/cjs/loader:1829:14)
    at Module._extensions..js (node:internal/modules/cjs/loader:1969:10)
    at Module.load (node:internal/modules/cjs/loader:1552:32)
    at Module._load (node:internal/modules/cjs/loader:1354:12)
    at wrapModuleLoad (node:internal/modules/cjs/loader:255:19)
    at Module.executeUserEntryPoint [as runMain] (node:internal/modules/run_main:154:5)
────────────────────────────────────────────────────────────────────────────────
[2026-07-26T22:15:29.855Z] [uncaughtException]
Error: listen EADDRINUSE: address already in use :::6089
    at Server.setupListenHandle [as _listen2] (node:net:2008:16)
    at listenInCluster (node:net:2065:12)
    at Server.listen (node:net:2170:7)
    at Object.<anonymous> (/Users/yvesyotatchoffo/Mon Drive/Anyhomes/01_Product/01_MVP/Code/Backend/api_bookaro-lovepreet/server.js:289:13)
    at Module._compile (node:internal/modules/cjs/loader:1829:14)
    at Module._extensions..js (node:internal/modules/cjs/loader:1969:10)
    at Module.load (node:internal/modules/cjs/loader:1552:32)
    at Module._load (node:internal/modules/cjs/loader:1354:12)
    at wrapModuleLoad (node:internal/modules/cjs/loader:255:19)
    at Module.executeUserEntryPoint [as runMain] (node:internal/modules/run_main:154:5)
────────────────────────────────────────────────────────────────────────────────
[2026-07-26T22:15:37.169Z] [uncaughtException]
Error: listen EADDRINUSE: address already in use :::6089
    at Server.setupListenHandle [as _listen2] (node:net:2008:16)
    at listenInCluster (node:net:2065:12)
    at Server.listen (node:net:2170:7)
    at Object.<anonymous> (/Users/yvesyotatchoffo/Mon Drive/Anyhomes/01_Product/01_MVP/Code/Backend/api_bookaro-lovepreet/server.js:289:13)
    at Module._compile (node:internal/modules/cjs/loader:1829:14)
    at Module._extensions..js (node:internal/modules/cjs/loader:1969:10)
    at Module.load (node:internal/modules/cjs/loader:1552:32)
    at Module._load (node:internal/modules/cjs/loader:1354:12)
    at wrapModuleLoad (node:internal/modules/cjs/loader:255:19)
    at Module.executeUserEntryPoint [as runMain] (node:internal/modules/run_main:154:5)
────────────────────────────────────────────────────────────────────────────────
[2026-07-26T22:15:37.214Z] [uncaughtException]
Error: listen EADDRINUSE: address already in use :::6089
    at Server.setupListenHandle [as _listen2] (node:net:2008:16)
    at listenInCluster (node:net:2065:12)
    at Server.listen (node:net:2170:7)
    at Object.<anonymous> (/Users/yvesyotatchoffo/Mon Drive/Anyhomes/01_Product/01_MVP/Code/Backend/api_bookaro-lovepreet/server.js:289:13)
    at Module._compile (node:internal/modules/cjs/loader:1829:14)
    at Module._extensions..js (node:internal/modules/cjs/loader:1969:10)
    at Module.load (node:internal/modules/cjs/loader:1552:32)
    at Module._load (node:internal/modules/cjs/loader:1354:12)
    at wrapModuleLoad (node:internal/modules/cjs/loader:255:19)
    at Module.executeUserEntryPoint [as runMain] (node:internal/modules/run_main:154:5)
────────────────────────────────────────────────────────────────────────────────
[2026-07-26T22:15:37.253Z] [uncaughtException]
Error: listen EADDRINUSE: address already in use :::6089
    at Server.setupListenHandle [as _listen2] (node:net:2008:16)
    at listenInCluster (node:net:2065:12)
    at Server.listen (node:net:2170:7)
    at Object.<anonymous> (/Users/yvesyotatchoffo/Mon Drive/Anyhomes/01_Product/01_MVP/Code/Backend/api_bookaro-lovepreet/server.js:289:13)
    at Module._compile (node:internal/modules/cjs/loader:1829:14)
    at Module._extensions..js (node:internal/modules/cjs/loader:1969:10)
    at Module.load (node:internal/modules/cjs/loader:1552:32)
    at Module._load (node:internal/modules/cjs/loader:1354:12)
    at wrapModuleLoad (node:internal/modules/cjs/loader:255:19)
    at Module.executeUserEntryPoint [as runMain] (node:internal/modules/run_main:154:5)
────────────────────────────────────────────────────────────────────────────────
[2026-07-26T22:15:37.287Z] [uncaughtException]
Error: listen EADDRINUSE: address already in use :::6089
    at Server.setupListenHandle [as _listen2] (node:net:2008:16)
    at listenInCluster (node:net:2065:12)
    at Server.listen (node:net:2170:7)
    at Object.<anonymous> (/Users/yvesyotatchoffo/Mon Drive/Anyhomes/01_Product/01_MVP/Code/Backend/api_bookaro-lovepreet/server.js:289:13)
    at Module._compile (node:internal/modules/cjs/loader:1829:14)
    at Module._extensions..js (node:internal/modules/cjs/loader:1969:10)
    at Module.load (node:internal/modules/cjs/loader:1552:32)
    at Module._load (node:internal/modules/cjs/loader:1354:12)
    at wrapModuleLoad (node:internal/modules/cjs/loader:255:19)
    at Module.executeUserEntryPoint [as runMain] (node:internal/modules/run_main:154:5)
────────────────────────────────────────────────────────────────────────────────
[2026-07-26T22:15:37.418Z] [uncaughtException]
Error: listen EADDRINUSE: address already in use :::6089
    at Server.setupListenHandle [as _listen2] (node:net:2008:16)
    at listenInCluster (node:net:2065:12)
    at Server.listen (node:net:2170:7)
    at Object.<anonymous> (/Users/yvesyotatchoffo/Mon Drive/Anyhomes/01_Product/01_MVP/Code/Backend/api_bookaro-lovepreet/server.js:289:13)
    at Module._compile (node:internal/modules/cjs/loader:1829:14)
    at Module._extensions..js (node:internal/modules/cjs/loader:1969:10)
    at Module.load (node:internal/modules/cjs/loader:1552:32)
    at Module._load (node:internal/modules/cjs/loader:1354:12)
    at wrapModuleLoad (node:internal/modules/cjs/loader:255:19)
    at Module.executeUserEntryPoint [as runMain] (node:internal/modules/run_main:154:5)
────────────────────────────────────────────────────────────────────────────────
[2026-07-26T22:15:37.419Z] [uncaughtException]
Error: listen EADDRINUSE: address already in use :::6089
    at Server.setupListenHandle [as _listen2] (node:net:2008:16)
    at listenInCluster (node:net:2065:12)
    at Server.listen (node:net:2170:7)
    at Object.<anonymous> (/Users/yvesyotatchoffo/Mon Drive/Anyhomes/01_Product/01_MVP/Code/Backend/api_bookaro-lovepreet/server.js:289:13)
    at Module._compile (node:internal/modules/cjs/loader:1829:14)
    at Module._extensions..js (node:internal/modules/cjs/loader:1969:10)
    at Module.load (node:internal/modules/cjs/loader:1552:32)
    at Module._load (node:internal/modules/cjs/loader:1354:12)
    at wrapModuleLoad (node:internal/modules/cjs/loader:255:19)
    at Module.executeUserEntryPoint [as runMain] (node:internal/modules/run_main:154:5)
────────────────────────────────────────────────────────────────────────────────
[2026-07-26T22:15:37.491Z] [uncaughtException]
Error: listen EADDRINUSE: address already in use :::6089
    at Server.setupListenHandle [as _listen2] (node:net:2008:16)
    at listenInCluster (node:net:2065:12)
    at Server.listen (node:net:2170:7)
    at Object.<anonymous> (/Users/yvesyotatchoffo/Mon Drive/Anyhomes/01_Product/01_MVP/Code/Backend/api_bookaro-lovepreet/server.js:289:13)
    at Module._compile (node:internal/modules/cjs/loader:1829:14)
    at Module._extensions..js (node:internal/modules/cjs/loader:1969:10)
    at Module.load (node:internal/modules/cjs/loader:1552:32)
    at Module._load (node:internal/modules/cjs/loader:1354:12)
    at wrapModuleLoad (node:internal/modules/cjs/loader:255:19)
    at Module.executeUserEntryPoint [as runMain] (node:internal/modules/run_main:154:5)
────────────────────────────────────────────────────────────────────────────────
[2026-07-26T22:15:44.906Z] [uncaughtException]
Error: listen EADDRINUSE: address already in use :::6089
    at Server.setupListenHandle [as _listen2] (node:net:2008:16)
    at listenInCluster (node:net:2065:12)
    at Server.listen (node:net:2170:7)
    at Object.<anonymous> (/Users/yvesyotatchoffo/Mon Drive/Anyhomes/01_Product/01_MVP/Code/Backend/api_bookaro-lovepreet/server.js:289:13)
    at Module._compile (node:internal/modules/cjs/loader:1829:14)
    at Module._extensions..js (node:internal/modules/cjs/loader:1969:10)
    at Module.load (node:internal/modules/cjs/loader:1552:32)
    at Module._load (node:internal/modules/cjs/loader:1354:12)
    at wrapModuleLoad (node:internal/modules/cjs/loader:255:19)
    at Module.executeUserEntryPoint [as runMain] (node:internal/modules/run_main:154:5)
────────────────────────────────────────────────────────────────────────────────
[2026-07-26T22:15:44.941Z] [uncaughtException]
Error: listen EADDRINUSE: address already in use :::6089
    at Server.setupListenHandle [as _listen2] (node:net:2008:16)
    at listenInCluster (node:net:2065:12)
    at Server.listen (node:net:2170:7)
    at Object.<anonymous> (/Users/yvesyotatchoffo/Mon Drive/Anyhomes/01_Product/01_MVP/Code/Backend/api_bookaro-lovepreet/server.js:289:13)
    at Module._compile (node:internal/modules/cjs/loader:1829:14)
    at Module._extensions..js (node:internal/modules/cjs/loader:1969:10)
    at Module.load (node:internal/modules/cjs/loader:1552:32)
    at Module._load (node:internal/modules/cjs/loader:1354:12)
    at wrapModuleLoad (node:internal/modules/cjs/loader:255:19)
    at Module.executeUserEntryPoint [as runMain] (node:internal/modules/run_main:154:5)
────────────────────────────────────────────────────────────────────────────────
[2026-07-26T22:15:44.947Z] [uncaughtException]
Error: listen EADDRINUSE: address already in use :::6089
    at Server.setupListenHandle [as _listen2] (node:net:2008:16)
    at listenInCluster (node:net:2065:12)
    at Server.listen (node:net:2170:7)
    at Object.<anonymous> (/Users/yvesyotatchoffo/Mon Drive/Anyhomes/01_Product/01_MVP/Code/Backend/api_bookaro-lovepreet/server.js:289:13)
    at Module._compile (node:internal/modules/cjs/loader:1829:14)
    at Module._extensions..js (node:internal/modules/cjs/loader:1969:10)
    at Module.load (node:internal/modules/cjs/loader:1552:32)
    at Module._load (node:internal/modules/cjs/loader:1354:12)
    at wrapModuleLoad (node:internal/modules/cjs/loader:255:19)
    at Module.executeUserEntryPoint [as runMain] (node:internal/modules/run_main:154:5)
────────────────────────────────────────────────────────────────────────────────
[2026-07-26T22:15:44.989Z] [uncaughtException]
Error: listen EADDRINUSE: address already in use :::6089
    at Server.setupListenHandle [as _listen2] (node:net:2008:16)
    at listenInCluster (node:net:2065:12)
    at Server.listen (node:net:2170:7)
    at Object.<anonymous> (/Users/yvesyotatchoffo/Mon Drive/Anyhomes/01_Product/01_MVP/Code/Backend/api_bookaro-lovepreet/server.js:289:13)
    at Module._compile (node:internal/modules/cjs/loader:1829:14)
    at Module._extensions..js (node:internal/modules/cjs/loader:1969:10)
    at Module.load (node:internal/modules/cjs/loader:1552:32)
    at Module._load (node:internal/modules/cjs/loader:1354:12)
    at wrapModuleLoad (node:internal/modules/cjs/loader:255:19)
    at Module.executeUserEntryPoint [as runMain] (node:internal/modules/run_main:154:5)
────────────────────────────────────────────────────────────────────────────────
[2026-07-26T22:15:44.991Z] [uncaughtException]
Error: listen EADDRINUSE: address already in use :::6089
    at Server.setupListenHandle [as _listen2] (node:net:2008:16)
    at listenInCluster (node:net:2065:12)
    at Server.listen (node:net:2170:7)
    at Object.<anonymous> (/Users/yvesyotatchoffo/Mon Drive/Anyhomes/01_Product/01_MVP/Code/Backend/api_bookaro-lovepreet/server.js:289:13)
    at Module._compile (node:internal/modules/cjs/loader:1829:14)
    at Module._extensions..js (node:internal/modules/cjs/loader:1969:10)
    at Module.load (node:internal/modules/cjs/loader:1552:32)
    at Module._load (node:internal/modules/cjs/loader:1354:12)
    at wrapModuleLoad (node:internal/modules/cjs/loader:255:19)
    at Module.executeUserEntryPoint [as runMain] (node:internal/modules/run_main:154:5)
────────────────────────────────────────────────────────────────────────────────
[2026-07-26T22:15:45.031Z] [uncaughtException]
Error: listen EADDRINUSE: address already in use :::6089
    at Server.setupListenHandle [as _listen2] (node:net:2008:16)
    at listenInCluster (node:net:2065:12)
    at Server.listen (node:net:2170:7)
    at Object.<anonymous> (/Users/yvesyotatchoffo/Mon Drive/Anyhomes/01_Product/01_MVP/Code/Backend/api_bookaro-lovepreet/server.js:289:13)
    at Module._compile (node:internal/modules/cjs/loader:1829:14)
    at Module._extensions..js (node:internal/modules/cjs/loader:1969:10)
    at Module.load (node:internal/modules/cjs/loader:1552:32)
    at Module._load (node:internal/modules/cjs/loader:1354:12)
    at wrapModuleLoad (node:internal/modules/cjs/loader:255:19)
    at Module.executeUserEntryPoint [as runMain] (node:internal/modules/run_main:154:5)
────────────────────────────────────────────────────────────────────────────────
[2026-07-26T22:15:45.260Z] [uncaughtException]
Error: listen EADDRINUSE: address already in use :::6089
    at Server.setupListenHandle [as _listen2] (node:net:2008:16)
    at listenInCluster (node:net:2065:12)
    at Server.listen (node:net:2170:7)
    at Object.<anonymous> (/Users/yvesyotatchoffo/Mon Drive/Anyhomes/01_Product/01_MVP/Code/Backend/api_bookaro-lovepreet/server.js:289:13)
    at Module._compile (node:internal/modules/cjs/loader:1829:14)
    at Module._extensions..js (node:internal/modules/cjs/loader:1969:10)
    at Module.load (node:internal/modules/cjs/loader:1552:32)
    at Module._load (node:internal/modules/cjs/loader:1354:12)
    at wrapModuleLoad (node:internal/modules/cjs/loader:255:19)
    at Module.executeUserEntryPoint [as runMain] (node:internal/modules/run_main:154:5)
────────────────────────────────────────────────────────────────────────────────
[2026-07-26T22:15:56.479Z] [uncaughtException]
Error: listen EADDRINUSE: address already in use :::6089
    at Server.setupListenHandle [as _listen2] (node:net:2008:16)
    at listenInCluster (node:net:2065:12)
    at Server.listen (node:net:2170:7)
    at Object.<anonymous> (/Users/yvesyotatchoffo/Mon Drive/Anyhomes/01_Product/01_MVP/Code/Backend/api_bookaro-lovepreet/server.js:289:13)
    at Module._compile (node:internal/modules/cjs/loader:1829:14)
    at Module._extensions..js (node:internal/modules/cjs/loader:1969:10)
    at Module.load (node:internal/modules/cjs/loader:1552:32)
    at Module._load (node:internal/modules/cjs/loader:1354:12)
    at wrapModuleLoad (node:internal/modules/cjs/loader:255:19)
    at Module.executeUserEntryPoint [as runMain] (node:internal/modules/run_main:154:5)
────────────────────────────────────────────────────────────────────────────────
[2026-07-26T22:15:56.532Z] [uncaughtException]
Error: listen EADDRINUSE: address already in use :::6089
    at Server.setupListenHandle [as _listen2] (node:net:2008:16)
    at listenInCluster (node:net:2065:12)
    at Server.listen (node:net:2170:7)
    at Object.<anonymous> (/Users/yvesyotatchoffo/Mon Drive/Anyhomes/01_Product/01_MVP/Code/Backend/api_bookaro-lovepreet/server.js:289:13)
    at Module._compile (node:internal/modules/cjs/loader:1829:14)
    at Module._extensions..js (node:internal/modules/cjs/loader:1969:10)
    at Module.load (node:internal/modules/cjs/loader:1552:32)
    at Module._load (node:internal/modules/cjs/loader:1354:12)
    at wrapModuleLoad (node:internal/modules/cjs/loader:255:19)
    at Module.executeUserEntryPoint [as runMain] (node:internal/modules/run_main:154:5)
────────────────────────────────────────────────────────────────────────────────
[2026-07-26T22:15:56.535Z] [uncaughtException]
Error: listen EADDRINUSE: address already in use :::6089
    at Server.setupListenHandle [as _listen2] (node:net:2008:16)
    at listenInCluster (node:net:2065:12)
    at Server.listen (node:net:2170:7)
    at Object.<anonymous> (/Users/yvesyotatchoffo/Mon Drive/Anyhomes/01_Product/01_MVP/Code/Backend/api_bookaro-lovepreet/server.js:289:13)
    at Module._compile (node:internal/modules/cjs/loader:1829:14)
    at Module._extensions..js (node:internal/modules/cjs/loader:1969:10)
    at Module.load (node:internal/modules/cjs/loader:1552:32)
    at Module._load (node:internal/modules/cjs/loader:1354:12)
    at wrapModuleLoad (node:internal/modules/cjs/loader:255:19)
    at Module.executeUserEntryPoint [as runMain] (node:internal/modules/run_main:154:5)
────────────────────────────────────────────────────────────────────────────────
[2026-07-26T22:15:56.553Z] [uncaughtException]
Error: listen EADDRINUSE: address already in use :::6089
    at Server.setupListenHandle [as _listen2] (node:net:2008:16)
    at listenInCluster (node:net:2065:12)
    at Server.listen (node:net:2170:7)
    at Object.<anonymous> (/Users/yvesyotatchoffo/Mon Drive/Anyhomes/01_Product/01_MVP/Code/Backend/api_bookaro-lovepreet/server.js:289:13)
    at Module._compile (node:internal/modules/cjs/loader:1829:14)
    at Module._extensions..js (node:internal/modules/cjs/loader:1969:10)
    at Module.load (node:internal/modules/cjs/loader:1552:32)
    at Module._load (node:internal/modules/cjs/loader:1354:12)
    at wrapModuleLoad (node:internal/modules/cjs/loader:255:19)
    at Module.executeUserEntryPoint [as runMain] (node:internal/modules/run_main:154:5)
────────────────────────────────────────────────────────────────────────────────
[2026-07-26T22:15:56.579Z] [uncaughtException]
Error: listen EADDRINUSE: address already in use :::6089
    at Server.setupListenHandle [as _listen2] (node:net:2008:16)
    at listenInCluster (node:net:2065:12)
    at Server.listen (node:net:2170:7)
    at Object.<anonymous> (/Users/yvesyotatchoffo/Mon Drive/Anyhomes/01_Product/01_MVP/Code/Backend/api_bookaro-lovepreet/server.js:289:13)
    at Module._compile (node:internal/modules/cjs/loader:1829:14)
    at Module._extensions..js (node:internal/modules/cjs/loader:1969:10)
    at Module.load (node:internal/modules/cjs/loader:1552:32)
    at Module._load (node:internal/modules/cjs/loader:1354:12)
    at wrapModuleLoad (node:internal/modules/cjs/loader:255:19)
    at Module.executeUserEntryPoint [as runMain] (node:internal/modules/run_main:154:5)
────────────────────────────────────────────────────────────────────────────────
[2026-07-26T22:15:56.603Z] [uncaughtException]
Error: listen EADDRINUSE: address already in use :::6089
    at Server.setupListenHandle [as _listen2] (node:net:2008:16)
    at listenInCluster (node:net:2065:12)
    at Server.listen (node:net:2170:7)
    at Object.<anonymous> (/Users/yvesyotatchoffo/Mon Drive/Anyhomes/01_Product/01_MVP/Code/Backend/api_bookaro-lovepreet/server.js:289:13)
    at Module._compile (node:internal/modules/cjs/loader:1829:14)
    at Module._extensions..js (node:internal/modules/cjs/loader:1969:10)
    at Module.load (node:internal/modules/cjs/loader:1552:32)
    at Module._load (node:internal/modules/cjs/loader:1354:12)
    at wrapModuleLoad (node:internal/modules/cjs/loader:255:19)
    at Module.executeUserEntryPoint [as runMain] (node:internal/modules/run_main:154:5)
────────────────────────────────────────────────────────────────────────────────
[2026-07-26T22:15:56.784Z] [uncaughtException]
Error: listen EADDRINUSE: address already in use :::6089
    at Server.setupListenHandle [as _listen2] (node:net:2008:16)
    at listenInCluster (node:net:2065:12)
    at Server.listen (node:net:2170:7)
    at Object.<anonymous> (/Users/yvesyotatchoffo/Mon Drive/Anyhomes/01_Product/01_MVP/Code/Backend/api_bookaro-lovepreet/server.js:289:13)
    at Module._compile (node:internal/modules/cjs/loader:1829:14)
    at Module._extensions..js (node:internal/modules/cjs/loader:1969:10)
    at Module.load (node:internal/modules/cjs/loader:1552:32)
    at Module._load (node:internal/modules/cjs/loader:1354:12)
    at wrapModuleLoad (node:internal/modules/cjs/loader:255:19)
    at Module.executeUserEntryPoint [as runMain] (node:internal/modules/run_main:154:5)
────────────────────────────────────────────────────────────────────────────────
[2026-07-26T22:16:08.527Z] [uncaughtException]
Error: listen EADDRINUSE: address already in use :::6089
    at Server.setupListenHandle [as _listen2] (node:net:2008:16)
    at listenInCluster (node:net:2065:12)
    at Server.listen (node:net:2170:7)
    at Object.<anonymous> (/Users/yvesyotatchoffo/Mon Drive/Anyhomes/01_Product/01_MVP/Code/Backend/api_bookaro-lovepreet/server.js:289:13)
    at Module._compile (node:internal/modules/cjs/loader:1829:14)
    at Module._extensions..js (node:internal/modules/cjs/loader:1969:10)
    at Module.load (node:internal/modules/cjs/loader:1552:32)
    at Module._load (node:internal/modules/cjs/loader:1354:12)
    at wrapModuleLoad (node:internal/modules/cjs/loader:255:19)
    at Module.executeUserEntryPoint [as runMain] (node:internal/modules/run_main:154:5)
────────────────────────────────────────────────────────────────────────────────
[2026-07-26T22:16:08.529Z] [uncaughtException]
Error: listen EADDRINUSE: address already in use :::6089
    at Server.setupListenHandle [as _listen2] (node:net:2008:16)
    at listenInCluster (node:net:2065:12)
    at Server.listen (node:net:2170:7)
    at Object.<anonymous> (/Users/yvesyotatchoffo/Mon Drive/Anyhomes/01_Product/01_MVP/Code/Backend/api_bookaro-lovepreet/server.js:289:13)
    at Module._compile (node:internal/modules/cjs/loader:1829:14)
    at Module._extensions..js (node:internal/modules/cjs/loader:1969:10)
    at Module.load (node:internal/modules/cjs/loader:1552:32)
    at Module._load (node:internal/modules/cjs/loader:1354:12)
    at wrapModuleLoad (node:internal/modules/cjs/loader:255:19)
    at Module.executeUserEntryPoint [as runMain] (node:internal/modules/run_main:154:5)
────────────────────────────────────────────────────────────────────────────────
[2026-07-26T22:16:08.530Z] [uncaughtException]
Error: listen EADDRINUSE: address already in use :::6089
    at Server.setupListenHandle [as _listen2] (node:net:2008:16)
    at listenInCluster (node:net:2065:12)
    at Server.listen (node:net:2170:7)
    at Object.<anonymous> (/Users/yvesyotatchoffo/Mon Drive/Anyhomes/01_Product/01_MVP/Code/Backend/api_bookaro-lovepreet/server.js:289:13)
    at Module._compile (node:internal/modules/cjs/loader:1829:14)
    at Module._extensions..js (node:internal/modules/cjs/loader:1969:10)
    at Module.load (node:internal/modules/cjs/loader:1552:32)
    at Module._load (node:internal/modules/cjs/loader:1354:12)
    at wrapModuleLoad (node:internal/modules/cjs/loader:255:19)
    at Module.executeUserEntryPoint [as runMain] (node:internal/modules/run_main:154:5)
────────────────────────────────────────────────────────────────────────────────
[2026-07-26T22:16:08.553Z] [uncaughtException]
Error: listen EADDRINUSE: address already in use :::6089
    at Server.setupListenHandle [as _listen2] (node:net:2008:16)
    at listenInCluster (node:net:2065:12)
    at Server.listen (node:net:2170:7)
    at Object.<anonymous> (/Users/yvesyotatchoffo/Mon Drive/Anyhomes/01_Product/01_MVP/Code/Backend/api_bookaro-lovepreet/server.js:289:13)
    at Module._compile (node:internal/modules/cjs/loader:1829:14)
    at Module._extensions..js (node:internal/modules/cjs/loader:1969:10)
    at Module.load (node:internal/modules/cjs/loader:1552:32)
    at Module._load (node:internal/modules/cjs/loader:1354:12)
    at wrapModuleLoad (node:internal/modules/cjs/loader:255:19)
    at Module.executeUserEntryPoint [as runMain] (node:internal/modules/run_main:154:5)
────────────────────────────────────────────────────────────────────────────────
[2026-07-26T22:16:08.573Z] [uncaughtException]
Error: listen EADDRINUSE: address already in use :::6089
    at Server.setupListenHandle [as _listen2] (node:net:2008:16)
    at listenInCluster (node:net:2065:12)
    at Server.listen (node:net:2170:7)
    at Object.<anonymous> (/Users/yvesyotatchoffo/Mon Drive/Anyhomes/01_Product/01_MVP/Code/Backend/api_bookaro-lovepreet/server.js:289:13)
    at Module._compile (node:internal/modules/cjs/loader:1829:14)
    at Module._extensions..js (node:internal/modules/cjs/loader:1969:10)
    at Module.load (node:internal/modules/cjs/loader:1552:32)
    at Module._load (node:internal/modules/cjs/loader:1354:12)
    at wrapModuleLoad (node:internal/modules/cjs/loader:255:19)
    at Module.executeUserEntryPoint [as runMain] (node:internal/modules/run_main:154:5)
────────────────────────────────────────────────────────────────────────────────
[2026-07-26T22:16:08.582Z] [uncaughtException]
Error: listen EADDRINUSE: address already in use :::6089
    at Server.setupListenHandle [as _listen2] (node:net:2008:16)
    at listenInCluster (node:net:2065:12)
    at Server.listen (node:net:2170:7)
    at Object.<anonymous> (/Users/yvesyotatchoffo/Mon Drive/Anyhomes/01_Product/01_MVP/Code/Backend/api_bookaro-lovepreet/server.js:289:13)
    at Module._compile (node:internal/modules/cjs/loader:1829:14)
    at Module._extensions..js (node:internal/modules/cjs/loader:1969:10)
    at Module.load (node:internal/modules/cjs/loader:1552:32)
    at Module._load (node:internal/modules/cjs/loader:1354:12)
    at wrapModuleLoad (node:internal/modules/cjs/loader:255:19)
    at Module.executeUserEntryPoint [as runMain] (node:internal/modules/run_main:154:5)
────────────────────────────────────────────────────────────────────────────────
[2026-07-26T22:16:08.619Z] [uncaughtException]
Error: listen EADDRINUSE: address already in use :::6089
    at Server.setupListenHandle [as _listen2] (node:net:2008:16)
    at listenInCluster (node:net:2065:12)
    at Server.listen (node:net:2170:7)
    at Object.<anonymous> (/Users/yvesyotatchoffo/Mon Drive/Anyhomes/01_Product/01_MVP/Code/Backend/api_bookaro-lovepreet/server.js:289:13)
    at Module._compile (node:internal/modules/cjs/loader:1829:14)
    at Module._extensions..js (node:internal/modules/cjs/loader:1969:10)
    at Module.load (node:internal/modules/cjs/loader:1552:32)
    at Module._load (node:internal/modules/cjs/loader:1354:12)
    at wrapModuleLoad (node:internal/modules/cjs/loader:255:19)
    at Module.executeUserEntryPoint [as runMain] (node:internal/modules/run_main:154:5)
────────────────────────────────────────────────────────────────────────────────
[2026-07-26T22:16:23.500Z] [uncaughtException]
Error: listen EADDRINUSE: address already in use :::6089
    at Server.setupListenHandle [as _listen2] (node:net:2008:16)
    at listenInCluster (node:net:2065:12)
    at Server.listen (node:net:2170:7)
    at Object.<anonymous> (/Users/yvesyotatchoffo/Mon Drive/Anyhomes/01_Product/01_MVP/Code/Backend/api_bookaro-lovepreet/server.js:289:13)
    at Module._compile (node:internal/modules/cjs/loader:1829:14)
    at Module._extensions..js (node:internal/modules/cjs/loader:1969:10)
    at Module.load (node:internal/modules/cjs/loader:1552:32)
    at Module._load (node:internal/modules/cjs/loader:1354:12)
    at wrapModuleLoad (node:internal/modules/cjs/loader:255:19)
    at Module.executeUserEntryPoint [as runMain] (node:internal/modules/run_main:154:5)
────────────────────────────────────────────────────────────────────────────────
[2026-07-26T22:16:23.502Z] [uncaughtException]
Error: listen EADDRINUSE: address already in use :::6089
    at Server.setupListenHandle [as _listen2] (node:net:2008:16)
    at listenInCluster (node:net:2065:12)
    at Server.listen (node:net:2170:7)
    at Object.<anonymous> (/Users/yvesyotatchoffo/Mon Drive/Anyhomes/01_Product/01_MVP/Code/Backend/api_bookaro-lovepreet/server.js:289:13)
    at Module._compile (node:internal/modules/cjs/loader:1829:14)
    at Module._extensions..js (node:internal/modules/cjs/loader:1969:10)
    at Module.load (node:internal/modules/cjs/loader:1552:32)
    at Module._load (node:internal/modules/cjs/loader:1354:12)
    at wrapModuleLoad (node:internal/modules/cjs/loader:255:19)
    at Module.executeUserEntryPoint [as runMain] (node:internal/modules/run_main:154:5)
────────────────────────────────────────────────────────────────────────────────
[2026-07-26T22:16:23.502Z] [uncaughtException]
Error: listen EADDRINUSE: address already in use :::6089
    at Server.setupListenHandle [as _listen2] (node:net:2008:16)
    at listenInCluster (node:net:2065:12)
    at Server.listen (node:net:2170:7)
    at Object.<anonymous> (/Users/yvesyotatchoffo/Mon Drive/Anyhomes/01_Product/01_MVP/Code/Backend/api_bookaro-lovepreet/server.js:289:13)
    at Module._compile (node:internal/modules/cjs/loader:1829:14)
    at Module._extensions..js (node:internal/modules/cjs/loader:1969:10)
    at Module.load (node:internal/modules/cjs/loader:1552:32)
    at Module._load (node:internal/modules/cjs/loader:1354:12)
    at wrapModuleLoad (node:internal/modules/cjs/loader:255:19)
    at Module.executeUserEntryPoint [as runMain] (node:internal/modules/run_main:154:5)
────────────────────────────────────────────────────────────────────────────────
[2026-07-26T22:16:23.508Z] [uncaughtException]
Error: listen EADDRINUSE: address already in use :::6089
    at Server.setupListenHandle [as _listen2] (node:net:2008:16)
    at listenInCluster (node:net:2065:12)
    at Server.listen (node:net:2170:7)
    at Object.<anonymous> (/Users/yvesyotatchoffo/Mon Drive/Anyhomes/01_Product/01_MVP/Code/Backend/api_bookaro-lovepreet/server.js:289:13)
    at Module._compile (node:internal/modules/cjs/loader:1829:14)
    at Module._extensions..js (node:internal/modules/cjs/loader:1969:10)
    at Module.load (node:internal/modules/cjs/loader:1552:32)
    at Module._load (node:internal/modules/cjs/loader:1354:12)
    at wrapModuleLoad (node:internal/modules/cjs/loader:255:19)
    at Module.executeUserEntryPoint [as runMain] (node:internal/modules/run_main:154:5)
────────────────────────────────────────────────────────────────────────────────
[2026-07-26T22:16:23.510Z] [uncaughtException]
Error: listen EADDRINUSE: address already in use :::6089
    at Server.setupListenHandle [as _listen2] (node:net:2008:16)
    at listenInCluster (node:net:2065:12)
    at Server.listen (node:net:2170:7)
    at Object.<anonymous> (/Users/yvesyotatchoffo/Mon Drive/Anyhomes/01_Product/01_MVP/Code/Backend/api_bookaro-lovepreet/server.js:289:13)
    at Module._compile (node:internal/modules/cjs/loader:1829:14)
    at Module._extensions..js (node:internal/modules/cjs/loader:1969:10)
    at Module.load (node:internal/modules/cjs/loader:1552:32)
    at Module._load (node:internal/modules/cjs/loader:1354:12)
    at wrapModuleLoad (node:internal/modules/cjs/loader:255:19)
    at Module.executeUserEntryPoint [as runMain] (node:internal/modules/run_main:154:5)
────────────────────────────────────────────────────────────────────────────────
[2026-07-26T22:16:23.513Z] [uncaughtException]
Error: listen EADDRINUSE: address already in use :::6089
    at Server.setupListenHandle [as _listen2] (node:net:2008:16)
    at listenInCluster (node:net:2065:12)
    at Server.listen (node:net:2170:7)
    at Object.<anonymous> (/Users/yvesyotatchoffo/Mon Drive/Anyhomes/01_Product/01_MVP/Code/Backend/api_bookaro-lovepreet/server.js:289:13)
    at Module._compile (node:internal/modules/cjs/loader:1829:14)
    at Module._extensions..js (node:internal/modules/cjs/loader:1969:10)
    at Module.load (node:internal/modules/cjs/loader:1552:32)
    at Module._load (node:internal/modules/cjs/loader:1354:12)
    at wrapModuleLoad (node:internal/modules/cjs/loader:255:19)
    at Module.executeUserEntryPoint [as runMain] (node:internal/modules/run_main:154:5)
────────────────────────────────────────────────────────────────────────────────
[2026-07-26T22:16:23.518Z] [uncaughtException]
Error: listen EADDRINUSE: address already in use :::6089
    at Server.setupListenHandle [as _listen2] (node:net:2008:16)
    at listenInCluster (node:net:2065:12)
    at Server.listen (node:net:2170:7)
    at Object.<anonymous> (/Users/yvesyotatchoffo/Mon Drive/Anyhomes/01_Product/01_MVP/Code/Backend/api_bookaro-lovepreet/server.js:289:13)
    at Module._compile (node:internal/modules/cjs/loader:1829:14)
    at Module._extensions..js (node:internal/modules/cjs/loader:1969:10)
    at Module.load (node:internal/modules/cjs/loader:1552:32)
    at Module._load (node:internal/modules/cjs/loader:1354:12)
    at wrapModuleLoad (node:internal/modules/cjs/loader:255:19)
    at Module.executeUserEntryPoint [as runMain] (node:internal/modules/run_main:154:5)
────────────────────────────────────────────────────────────────────────────────
[2026-07-26T22:16:32.241Z] [uncaughtException]
Error: listen EADDRINUSE: address already in use :::6089
    at Server.setupListenHandle [as _listen2] (node:net:2008:16)
    at listenInCluster (node:net:2065:12)
    at Server.listen (node:net:2170:7)
    at Object.<anonymous> (/Users/yvesyotatchoffo/Mon Drive/Anyhomes/01_Product/01_MVP/Code/Backend/api_bookaro-lovepreet/server.js:289:13)
    at Module._compile (node:internal/modules/cjs/loader:1829:14)
    at Module._extensions..js (node:internal/modules/cjs/loader:1969:10)
    at Module.load (node:internal/modules/cjs/loader:1552:32)
    at Module._load (node:internal/modules/cjs/loader:1354:12)
    at wrapModuleLoad (node:internal/modules/cjs/loader:255:19)
    at Module.executeUserEntryPoint [as runMain] (node:internal/modules/run_main:154:5)
────────────────────────────────────────────────────────────────────────────────
[2026-07-26T22:16:32.321Z] [uncaughtException]
Error: listen EADDRINUSE: address already in use :::6089
    at Server.setupListenHandle [as _listen2] (node:net:2008:16)
    at listenInCluster (node:net:2065:12)
    at Server.listen (node:net:2170:7)
    at Object.<anonymous> (/Users/yvesyotatchoffo/Mon Drive/Anyhomes/01_Product/01_MVP/Code/Backend/api_bookaro-lovepreet/server.js:289:13)
    at Module._compile (node:internal/modules/cjs/loader:1829:14)
    at Module._extensions..js (node:internal/modules/cjs/loader:1969:10)
    at Module.load (node:internal/modules/cjs/loader:1552:32)
    at Module._load (node:internal/modules/cjs/loader:1354:12)
    at wrapModuleLoad (node:internal/modules/cjs/loader:255:19)
    at Module.executeUserEntryPoint [as runMain] (node:internal/modules/run_main:154:5)
────────────────────────────────────────────────────────────────────────────────
[2026-07-26T22:16:32.818Z] [uncaughtException]
Error: listen EADDRINUSE: address already in use :::6089
    at Server.setupListenHandle [as _listen2] (node:net:2008:16)
    at listenInCluster (node:net:2065:12)
    at Server.listen (node:net:2170:7)
    at Object.<anonymous> (/Users/yvesyotatchoffo/Mon Drive/Anyhomes/01_Product/01_MVP/Code/Backend/api_bookaro-lovepreet/server.js:289:13)
    at Module._compile (node:internal/modules/cjs/loader:1829:14)
    at Module._extensions..js (node:internal/modules/cjs/loader:1969:10)
    at Module.load (node:internal/modules/cjs/loader:1552:32)
    at Module._load (node:internal/modules/cjs/loader:1354:12)
    at wrapModuleLoad (node:internal/modules/cjs/loader:255:19)
    at Module.executeUserEntryPoint [as runMain] (node:internal/modules/run_main:154:5)
────────────────────────────────────────────────────────────────────────────────
[2026-07-26T22:16:32.837Z] [uncaughtException]
Error: listen EADDRINUSE: address already in use :::6089
    at Server.setupListenHandle [as _listen2] (node:net:2008:16)
    at listenInCluster (node:net:2065:12)
    at Server.listen (node:net:2170:7)
    at Object.<anonymous> (/Users/yvesyotatchoffo/Mon Drive/Anyhomes/01_Product/01_MVP/Code/Backend/api_bookaro-lovepreet/server.js:289:13)
    at Module._compile (node:internal/modules/cjs/loader:1829:14)
    at Module._extensions..js (node:internal/modules/cjs/loader:1969:10)
    at Module.load (node:internal/modules/cjs/loader:1552:32)
    at Module._load (node:internal/modules/cjs/loader:1354:12)
    at wrapModuleLoad (node:internal/modules/cjs/loader:255:19)
    at Module.executeUserEntryPoint [as runMain] (node:internal/modules/run_main:154:5)
────────────────────────────────────────────────────────────────────────────────
[2026-07-26T22:16:32.907Z] [uncaughtException]
Error: listen EADDRINUSE: address already in use :::6089
    at Server.setupListenHandle [as _listen2] (node:net:2008:16)
    at listenInCluster (node:net:2065:12)
    at Server.listen (node:net:2170:7)
    at Object.<anonymous> (/Users/yvesyotatchoffo/Mon Drive/Anyhomes/01_Product/01_MVP/Code/Backend/api_bookaro-lovepreet/server.js:289:13)
    at Module._compile (node:internal/modules/cjs/loader:1829:14)
    at Module._extensions..js (node:internal/modules/cjs/loader:1969:10)
    at Module.load (node:internal/modules/cjs/loader:1552:32)
    at Module._load (node:internal/modules/cjs/loader:1354:12)
    at wrapModuleLoad (node:internal/modules/cjs/loader:255:19)
    at Module.executeUserEntryPoint [as runMain] (node:internal/modules/run_main:154:5)
────────────────────────────────────────────────────────────────────────────────
[2026-07-26T22:16:33.081Z] [uncaughtException]
Error: listen EADDRINUSE: address already in use :::6089
    at Server.setupListenHandle [as _listen2] (node:net:2008:16)
    at listenInCluster (node:net:2065:12)
    at Server.listen (node:net:2170:7)
    at Object.<anonymous> (/Users/yvesyotatchoffo/Mon Drive/Anyhomes/01_Product/01_MVP/Code/Backend/api_bookaro-lovepreet/server.js:289:13)
    at Module._compile (node:internal/modules/cjs/loader:1829:14)
    at Module._extensions..js (node:internal/modules/cjs/loader:1969:10)
    at Module.load (node:internal/modules/cjs/loader:1552:32)
    at Module._load (node:internal/modules/cjs/loader:1354:12)
    at wrapModuleLoad (node:internal/modules/cjs/loader:255:19)
    at Module.executeUserEntryPoint [as runMain] (node:internal/modules/run_main:154:5)
────────────────────────────────────────────────────────────────────────────────
[2026-07-26T22:16:33.115Z] [uncaughtException]
Error: listen EADDRINUSE: address already in use :::6089
    at Server.setupListenHandle [as _listen2] (node:net:2008:16)
    at listenInCluster (node:net:2065:12)
    at Server.listen (node:net:2170:7)
    at Object.<anonymous> (/Users/yvesyotatchoffo/Mon Drive/Anyhomes/01_Product/01_MVP/Code/Backend/api_bookaro-lovepreet/server.js:289:13)
    at Module._compile (node:internal/modules/cjs/loader:1829:14)
    at Module._extensions..js (node:internal/modules/cjs/loader:1969:10)
    at Module.load (node:internal/modules/cjs/loader:1552:32)
    at Module._load (node:internal/modules/cjs/loader:1354:12)
    at wrapModuleLoad (node:internal/modules/cjs/loader:255:19)
    at Module.executeUserEntryPoint [as runMain] (node:internal/modules/run_main:154:5)
────────────────────────────────────────────────────────────────────────────────
[2026-07-26T22:36:03.265Z] [uncaughtException]
Error: listen EADDRINUSE: address already in use :::6089
    at Server.setupListenHandle [as _listen2] (node:net:2008:16)
    at listenInCluster (node:net:2065:12)
    at Server.listen (node:net:2170:7)
    at Object.<anonymous> (/Users/yvesyotatchoffo/Mon Drive/Anyhomes/01_Product/01_MVP/Code/Backend/api_bookaro-lovepreet/server.js:289:13)
    at Module._compile (node:internal/modules/cjs/loader:1829:14)
    at Module._extensions..js (node:internal/modules/cjs/loader:1969:10)
    at Module.load (node:internal/modules/cjs/loader:1552:32)
    at Module._load (node:internal/modules/cjs/loader:1354:12)
    at wrapModuleLoad (node:internal/modules/cjs/loader:255:19)
    at Module.executeUserEntryPoint [as runMain] (node:internal/modules/run_main:154:5)
────────────────────────────────────────────────────────────────────────────────
[2026-07-26T22:36:03.269Z] [uncaughtException]
Error: listen EADDRINUSE: address already in use :::6089
    at Server.setupListenHandle [as _listen2] (node:net:2008:16)
    at listenInCluster (node:net:2065:12)
    at Server.listen (node:net:2170:7)
    at Object.<anonymous> (/Users/yvesyotatchoffo/Mon Drive/Anyhomes/01_Product/01_MVP/Code/Backend/api_bookaro-lovepreet/server.js:289:13)
    at Module._compile (node:internal/modules/cjs/loader:1829:14)
    at Module._extensions..js (node:internal/modules/cjs/loader:1969:10)
    at Module.load (node:internal/modules/cjs/loader:1552:32)
    at Module._load (node:internal/modules/cjs/loader:1354:12)
    at wrapModuleLoad (node:internal/modules/cjs/loader:255:19)
    at Module.executeUserEntryPoint [as runMain] (node:internal/modules/run_main:154:5)
────────────────────────────────────────────────────────────────────────────────
[2026-07-26T22:36:03.269Z] [uncaughtException]
Error: listen EADDRINUSE: address already in use :::6089
    at Server.setupListenHandle [as _listen2] (node:net:2008:16)
    at listenInCluster (node:net:2065:12)
    at Server.listen (node:net:2170:7)
    at Object.<anonymous> (/Users/yvesyotatchoffo/Mon Drive/Anyhomes/01_Product/01_MVP/Code/Backend/api_bookaro-lovepreet/server.js:289:13)
    at Module._compile (node:internal/modules/cjs/loader:1829:14)
    at Module._extensions..js (node:internal/modules/cjs/loader:1969:10)
    at Module.load (node:internal/modules/cjs/loader:1552:32)
    at Module._load (node:internal/modules/cjs/loader:1354:12)
    at wrapModuleLoad (node:internal/modules/cjs/loader:255:19)
    at Module.executeUserEntryPoint [as runMain] (node:internal/modules/run_main:154:5)
────────────────────────────────────────────────────────────────────────────────
[2026-07-26T22:36:03.269Z] [uncaughtException]
Error: listen EADDRINUSE: address already in use :::6089
    at Server.setupListenHandle [as _listen2] (node:net:2008:16)
    at listenInCluster (node:net:2065:12)
    at Server.listen (node:net:2170:7)
    at Object.<anonymous> (/Users/yvesyotatchoffo/Mon Drive/Anyhomes/01_Product/01_MVP/Code/Backend/api_bookaro-lovepreet/server.js:289:13)
    at Module._compile (node:internal/modules/cjs/loader:1829:14)
    at Module._extensions..js (node:internal/modules/cjs/loader:1969:10)
    at Module.load (node:internal/modules/cjs/loader:1552:32)
    at Module._load (node:internal/modules/cjs/loader:1354:12)
    at wrapModuleLoad (node:internal/modules/cjs/loader:255:19)
    at Module.executeUserEntryPoint [as runMain] (node:internal/modules/run_main:154:5)
────────────────────────────────────────────────────────────────────────────────
[2026-07-26T22:36:03.270Z] [uncaughtException]
Error: listen EADDRINUSE: address already in use :::6089
    at Server.setupListenHandle [as _listen2] (node:net:2008:16)
    at listenInCluster (node:net:2065:12)
    at Server.listen (node:net:2170:7)
    at Object.<anonymous> (/Users/yvesyotatchoffo/Mon Drive/Anyhomes/01_Product/01_MVP/Code/Backend/api_bookaro-lovepreet/server.js:289:13)
    at Module._compile (node:internal/modules/cjs/loader:1829:14)
    at Module._extensions..js (node:internal/modules/cjs/loader:1969:10)
    at Module.load (node:internal/modules/cjs/loader:1552:32)
    at Module._load (node:internal/modules/cjs/loader:1354:12)
    at wrapModuleLoad (node:internal/modules/cjs/loader:255:19)
    at Module.executeUserEntryPoint [as runMain] (node:internal/modules/run_main:154:5)
────────────────────────────────────────────────────────────────────────────────
[2026-07-26T22:36:03.271Z] [uncaughtException]
Error: listen EADDRINUSE: address already in use :::6089
    at Server.setupListenHandle [as _listen2] (node:net:2008:16)
    at listenInCluster (node:net:2065:12)
    at Server.listen (node:net:2170:7)
    at Object.<anonymous> (/Users/yvesyotatchoffo/Mon Drive/Anyhomes/01_Product/01_MVP/Code/Backend/api_bookaro-lovepreet/server.js:289:13)
    at Module._compile (node:internal/modules/cjs/loader:1829:14)
    at Module._extensions..js (node:internal/modules/cjs/loader:1969:10)
    at Module.load (node:internal/modules/cjs/loader:1552:32)
    at Module._load (node:internal/modules/cjs/loader:1354:12)
    at wrapModuleLoad (node:internal/modules/cjs/loader:255:19)
    at Module.executeUserEntryPoint [as runMain] (node:internal/modules/run_main:154:5)
────────────────────────────────────────────────────────────────────────────────
[2026-07-26T22:36:03.272Z] [uncaughtException]
Error: listen EADDRINUSE: address already in use :::6089
    at Server.setupListenHandle [as _listen2] (node:net:2008:16)
    at listenInCluster (node:net:2065:12)
    at Server.listen (node:net:2170:7)
    at Object.<anonymous> (/Users/yvesyotatchoffo/Mon Drive/Anyhomes/01_Product/01_MVP/Code/Backend/api_bookaro-lovepreet/server.js:289:13)
    at Module._compile (node:internal/modules/cjs/loader:1829:14)
    at Module._extensions..js (node:internal/modules/cjs/loader:1969:10)
    at Module.load (node:internal/modules/cjs/loader:1552:32)
    at Module._load (node:internal/modules/cjs/loader:1354:12)
    at wrapModuleLoad (node:internal/modules/cjs/loader:255:19)
    at Module.executeUserEntryPoint [as runMain] (node:internal/modules/run_main:154:5)
────────────────────────────────────────────────────────────────────────────────
[2026-07-26T22:36:03.288Z] [uncaughtException]
Error: listen EADDRINUSE: address already in use :::6089
    at Server.setupListenHandle [as _listen2] (node:net:2008:16)
    at listenInCluster (node:net:2065:12)
    at Server.listen (node:net:2170:7)
    at Object.<anonymous> (/Users/yvesyotatchoffo/Mon Drive/Anyhomes/01_Product/01_MVP/Code/Backend/api_bookaro-lovepreet/server.js:289:13)
    at Module._compile (node:internal/modules/cjs/loader:1829:14)
    at Module._extensions..js (node:internal/modules/cjs/loader:1969:10)
    at Module.load (node:internal/modules/cjs/loader:1552:32)
    at Module._load (node:internal/modules/cjs/loader:1354:12)
    at wrapModuleLoad (node:internal/modules/cjs/loader:255:19)
    at Module.executeUserEntryPoint [as runMain] (node:internal/modules/run_main:154:5)
────────────────────────────────────────────────────────────────────────────────
[2026-07-26T22:36:09.696Z] [uncaughtException]
Error: listen EADDRINUSE: address already in use :::6089
    at Server.setupListenHandle [as _listen2] (node:net:2008:16)
    at listenInCluster (node:net:2065:12)
    at Server.listen (node:net:2170:7)
    at Object.<anonymous> (/Users/yvesyotatchoffo/Mon Drive/Anyhomes/01_Product/01_MVP/Code/Backend/api_bookaro-lovepreet/server.js:289:13)
    at Module._compile (node:internal/modules/cjs/loader:1829:14)
    at Module._extensions..js (node:internal/modules/cjs/loader:1969:10)
    at Module.load (node:internal/modules/cjs/loader:1552:32)
    at Module._load (node:internal/modules/cjs/loader:1354:12)
    at wrapModuleLoad (node:internal/modules/cjs/loader:255:19)
    at Module.executeUserEntryPoint [as runMain] (node:internal/modules/run_main:154:5)
────────────────────────────────────────────────────────────────────────────────
[2026-07-26T22:36:09.741Z] [uncaughtException]
Error: listen EADDRINUSE: address already in use :::6089
    at Server.setupListenHandle [as _listen2] (node:net:2008:16)
    at listenInCluster (node:net:2065:12)
    at Server.listen (node:net:2170:7)
    at Object.<anonymous> (/Users/yvesyotatchoffo/Mon Drive/Anyhomes/01_Product/01_MVP/Code/Backend/api_bookaro-lovepreet/server.js:289:13)
    at Module._compile (node:internal/modules/cjs/loader:1829:14)
    at Module._extensions..js (node:internal/modules/cjs/loader:1969:10)
    at Module.load (node:internal/modules/cjs/loader:1552:32)
    at Module._load (node:internal/modules/cjs/loader:1354:12)
    at wrapModuleLoad (node:internal/modules/cjs/loader:255:19)
    at Module.executeUserEntryPoint [as runMain] (node:internal/modules/run_main:154:5)
────────────────────────────────────────────────────────────────────────────────
[2026-07-26T22:36:09.825Z] [uncaughtException]
Error: listen EADDRINUSE: address already in use :::6089
    at Server.setupListenHandle [as _listen2] (node:net:2008:16)
    at listenInCluster (node:net:2065:12)
    at Server.listen (node:net:2170:7)
    at Object.<anonymous> (/Users/yvesyotatchoffo/Mon Drive/Anyhomes/01_Product/01_MVP/Code/Backend/api_bookaro-lovepreet/server.js:289:13)
    at Module._compile (node:internal/modules/cjs/loader:1829:14)
    at Module._extensions..js (node:internal/modules/cjs/loader:1969:10)
    at Module.load (node:internal/modules/cjs/loader:1552:32)
    at Module._load (node:internal/modules/cjs/loader:1354:12)
    at wrapModuleLoad (node:internal/modules/cjs/loader:255:19)
    at Module.executeUserEntryPoint [as runMain] (node:internal/modules/run_main:154:5)
────────────────────────────────────────────────────────────────────────────────
[2026-07-26T22:36:09.834Z] [uncaughtException]
Error: listen EADDRINUSE: address already in use :::6089
    at Server.setupListenHandle [as _listen2] (node:net:2008:16)
    at listenInCluster (node:net:2065:12)
    at Server.listen (node:net:2170:7)
    at Object.<anonymous> (/Users/yvesyotatchoffo/Mon Drive/Anyhomes/01_Product/01_MVP/Code/Backend/api_bookaro-lovepreet/server.js:289:13)
    at Module._compile (node:internal/modules/cjs/loader:1829:14)
    at Module._extensions..js (node:internal/modules/cjs/loader:1969:10)
    at Module.load (node:internal/modules/cjs/loader:1552:32)
    at Module._load (node:internal/modules/cjs/loader:1354:12)
    at wrapModuleLoad (node:internal/modules/cjs/loader:255:19)
    at Module.executeUserEntryPoint [as runMain] (node:internal/modules/run_main:154:5)
────────────────────────────────────────────────────────────────────────────────
[2026-07-26T22:36:09.854Z] [uncaughtException]
Error: listen EADDRINUSE: address already in use :::6089
    at Server.setupListenHandle [as _listen2] (node:net:2008:16)
    at listenInCluster (node:net:2065:12)
    at Server.listen (node:net:2170:7)
    at Object.<anonymous> (/Users/yvesyotatchoffo/Mon Drive/Anyhomes/01_Product/01_MVP/Code/Backend/api_bookaro-lovepreet/server.js:289:13)
    at Module._compile (node:internal/modules/cjs/loader:1829:14)
    at Module._extensions..js (node:internal/modules/cjs/loader:1969:10)
    at Module.load (node:internal/modules/cjs/loader:1552:32)
    at Module._load (node:internal/modules/cjs/loader:1354:12)
    at wrapModuleLoad (node:internal/modules/cjs/loader:255:19)
    at Module.executeUserEntryPoint [as runMain] (node:internal/modules/run_main:154:5)
────────────────────────────────────────────────────────────────────────────────
[2026-07-26T22:36:09.874Z] [uncaughtException]
Error: listen EADDRINUSE: address already in use :::6089
    at Server.setupListenHandle [as _listen2] (node:net:2008:16)
    at listenInCluster (node:net:2065:12)
    at Server.listen (node:net:2170:7)
    at Object.<anonymous> (/Users/yvesyotatchoffo/Mon Drive/Anyhomes/01_Product/01_MVP/Code/Backend/api_bookaro-lovepreet/server.js:289:13)
    at Module._compile (node:internal/modules/cjs/loader:1829:14)
    at Module._extensions..js (node:internal/modules/cjs/loader:1969:10)
    at Module.load (node:internal/modules/cjs/loader:1552:32)
    at Module._load (node:internal/modules/cjs/loader:1354:12)
    at wrapModuleLoad (node:internal/modules/cjs/loader:255:19)
    at Module.executeUserEntryPoint [as runMain] (node:internal/modules/run_main:154:5)
────────────────────────────────────────────────────────────────────────────────
[2026-07-26T22:36:09.887Z] [uncaughtException]
Error: listen EADDRINUSE: address already in use :::6089
    at Server.setupListenHandle [as _listen2] (node:net:2008:16)
    at listenInCluster (node:net:2065:12)
    at Server.listen (node:net:2170:7)
    at Object.<anonymous> (/Users/yvesyotatchoffo/Mon Drive/Anyhomes/01_Product/01_MVP/Code/Backend/api_bookaro-lovepreet/server.js:289:13)
    at Module._compile (node:internal/modules/cjs/loader:1829:14)
    at Module._extensions..js (node:internal/modules/cjs/loader:1969:10)
    at Module.load (node:internal/modules/cjs/loader:1552:32)
    at Module._load (node:internal/modules/cjs/loader:1354:12)
    at wrapModuleLoad (node:internal/modules/cjs/loader:255:19)
    at Module.executeUserEntryPoint [as runMain] (node:internal/modules/run_main:154:5)
────────────────────────────────────────────────────────────────────────────────
[2026-07-26T22:36:09.894Z] [uncaughtException]
Error: listen EADDRINUSE: address already in use :::6089
    at Server.setupListenHandle [as _listen2] (node:net:2008:16)
    at listenInCluster (node:net:2065:12)
    at Server.listen (node:net:2170:7)
    at Object.<anonymous> (/Users/yvesyotatchoffo/Mon Drive/Anyhomes/01_Product/01_MVP/Code/Backend/api_bookaro-lovepreet/server.js:289:13)
    at Module._compile (node:internal/modules/cjs/loader:1829:14)
    at Module._extensions..js (node:internal/modules/cjs/loader:1969:10)
    at Module.load (node:internal/modules/cjs/loader:1552:32)
    at Module._load (node:internal/modules/cjs/loader:1354:12)
    at wrapModuleLoad (node:internal/modules/cjs/loader:255:19)
    at Module.executeUserEntryPoint [as runMain] (node:internal/modules/run_main:154:5)
────────────────────────────────────────────────────────────────────────────────
[2026-07-26T22:36:15.630Z] [uncaughtException]
Error: listen EADDRINUSE: address already in use :::6089
    at Server.setupListenHandle [as _listen2] (node:net:2008:16)
    at listenInCluster (node:net:2065:12)
    at Server.listen (node:net:2170:7)
    at Object.<anonymous> (/Users/yvesyotatchoffo/Mon Drive/Anyhomes/01_Product/01_MVP/Code/Backend/api_bookaro-lovepreet/server.js:289:13)
    at Module._compile (node:internal/modules/cjs/loader:1829:14)
    at Module._extensions..js (node:internal/modules/cjs/loader:1969:10)
    at Module.load (node:internal/modules/cjs/loader:1552:32)
    at Module._load (node:internal/modules/cjs/loader:1354:12)
    at wrapModuleLoad (node:internal/modules/cjs/loader:255:19)
    at Module.executeUserEntryPoint [as runMain] (node:internal/modules/run_main:154:5)
────────────────────────────────────────────────────────────────────────────────
[2026-07-26T22:36:15.646Z] [uncaughtException]
Error: listen EADDRINUSE: address already in use :::6089
    at Server.setupListenHandle [as _listen2] (node:net:2008:16)
    at listenInCluster (node:net:2065:12)
    at Server.listen (node:net:2170:7)
    at Object.<anonymous> (/Users/yvesyotatchoffo/Mon Drive/Anyhomes/01_Product/01_MVP/Code/Backend/api_bookaro-lovepreet/server.js:289:13)
    at Module._compile (node:internal/modules/cjs/loader:1829:14)
    at Module._extensions..js (node:internal/modules/cjs/loader:1969:10)
    at Module.load (node:internal/modules/cjs/loader:1552:32)
    at Module._load (node:internal/modules/cjs/loader:1354:12)
    at wrapModuleLoad (node:internal/modules/cjs/loader:255:19)
    at Module.executeUserEntryPoint [as runMain] (node:internal/modules/run_main:154:5)
────────────────────────────────────────────────────────────────────────────────
[2026-07-26T22:36:15.678Z] [uncaughtException]
Error: listen EADDRINUSE: address already in use :::6089
    at Server.setupListenHandle [as _listen2] (node:net:2008:16)
    at listenInCluster (node:net:2065:12)
    at Server.listen (node:net:2170:7)
    at Object.<anonymous> (/Users/yvesyotatchoffo/Mon Drive/Anyhomes/01_Product/01_MVP/Code/Backend/api_bookaro-lovepreet/server.js:289:13)
    at Module._compile (node:internal/modules/cjs/loader:1829:14)
    at Module._extensions..js (node:internal/modules/cjs/loader:1969:10)
    at Module.load (node:internal/modules/cjs/loader:1552:32)
    at Module._load (node:internal/modules/cjs/loader:1354:12)
    at wrapModuleLoad (node:internal/modules/cjs/loader:255:19)
    at Module.executeUserEntryPoint [as runMain] (node:internal/modules/run_main:154:5)
────────────────────────────────────────────────────────────────────────────────
[2026-07-26T22:36:15.689Z] [uncaughtException]
Error: listen EADDRINUSE: address already in use :::6089
    at Server.setupListenHandle [as _listen2] (node:net:2008:16)
    at listenInCluster (node:net:2065:12)
    at Server.listen (node:net:2170:7)
    at Object.<anonymous> (/Users/yvesyotatchoffo/Mon Drive/Anyhomes/01_Product/01_MVP/Code/Backend/api_bookaro-lovepreet/server.js:289:13)
    at Module._compile (node:internal/modules/cjs/loader:1829:14)
    at Module._extensions..js (node:internal/modules/cjs/loader:1969:10)
    at Module.load (node:internal/modules/cjs/loader:1552:32)
    at Module._load (node:internal/modules/cjs/loader:1354:12)
    at wrapModuleLoad (node:internal/modules/cjs/loader:255:19)
    at Module.executeUserEntryPoint [as runMain] (node:internal/modules/run_main:154:5)
────────────────────────────────────────────────────────────────────────────────
[2026-07-26T22:36:15.700Z] [uncaughtException]
Error: listen EADDRINUSE: address already in use :::6089
    at Server.setupListenHandle [as _listen2] (node:net:2008:16)
    at listenInCluster (node:net:2065:12)
    at Server.listen (node:net:2170:7)
    at Object.<anonymous> (/Users/yvesyotatchoffo/Mon Drive/Anyhomes/01_Product/01_MVP/Code/Backend/api_bookaro-lovepreet/server.js:289:13)
    at Module._compile (node:internal/modules/cjs/loader:1829:14)
    at Module._extensions..js (node:internal/modules/cjs/loader:1969:10)
    at Module.load (node:internal/modules/cjs/loader:1552:32)
    at Module._load (node:internal/modules/cjs/loader:1354:12)
    at wrapModuleLoad (node:internal/modules/cjs/loader:255:19)
    at Module.executeUserEntryPoint [as runMain] (node:internal/modules/run_main:154:5)
────────────────────────────────────────────────────────────────────────────────
[2026-07-26T22:36:15.705Z] [uncaughtException]
Error: listen EADDRINUSE: address already in use :::6089
    at Server.setupListenHandle [as _listen2] (node:net:2008:16)
    at listenInCluster (node:net:2065:12)
    at Server.listen (node:net:2170:7)
    at Object.<anonymous> (/Users/yvesyotatchoffo/Mon Drive/Anyhomes/01_Product/01_MVP/Code/Backend/api_bookaro-lovepreet/server.js:289:13)
    at Module._compile (node:internal/modules/cjs/loader:1829:14)
    at Module._extensions..js (node:internal/modules/cjs/loader:1969:10)
    at Module.load (node:internal/modules/cjs/loader:1552:32)
    at Module._load (node:internal/modules/cjs/loader:1354:12)
    at wrapModuleLoad (node:internal/modules/cjs/loader:255:19)
    at Module.executeUserEntryPoint [as runMain] (node:internal/modules/run_main:154:5)
────────────────────────────────────────────────────────────────────────────────
[2026-07-26T22:36:15.717Z] [uncaughtException]
Error: listen EADDRINUSE: address already in use :::6089
    at Server.setupListenHandle [as _listen2] (node:net:2008:16)
    at listenInCluster (node:net:2065:12)
    at Server.listen (node:net:2170:7)
    at Object.<anonymous> (/Users/yvesyotatchoffo/Mon Drive/Anyhomes/01_Product/01_MVP/Code/Backend/api_bookaro-lovepreet/server.js:289:13)
    at Module._compile (node:internal/modules/cjs/loader:1829:14)
    at Module._extensions..js (node:internal/modules/cjs/loader:1969:10)
    at Module.load (node:internal/modules/cjs/loader:1552:32)
    at Module._load (node:internal/modules/cjs/loader:1354:12)
    at wrapModuleLoad (node:internal/modules/cjs/loader:255:19)
    at Module.executeUserEntryPoint [as runMain] (node:internal/modules/run_main:154:5)
────────────────────────────────────────────────────────────────────────────────
[2026-07-26T22:36:15.740Z] [uncaughtException]
Error: listen EADDRINUSE: address already in use :::6089
    at Server.setupListenHandle [as _listen2] (node:net:2008:16)
    at listenInCluster (node:net:2065:12)
    at Server.listen (node:net:2170:7)
    at Object.<anonymous> (/Users/yvesyotatchoffo/Mon Drive/Anyhomes/01_Product/01_MVP/Code/Backend/api_bookaro-lovepreet/server.js:289:13)
    at Module._compile (node:internal/modules/cjs/loader:1829:14)
    at Module._extensions..js (node:internal/modules/cjs/loader:1969:10)
    at Module.load (node:internal/modules/cjs/loader:1552:32)
    at Module._load (node:internal/modules/cjs/loader:1354:12)
    at wrapModuleLoad (node:internal/modules/cjs/loader:255:19)
    at Module.executeUserEntryPoint [as runMain] (node:internal/modules/run_main:154:5)
────────────────────────────────────────────────────────────────────────────────
[2026-07-27T10:33:28.239Z] [uncaughtException]
Error: Route.delete() requires a callback function but got a [object Undefined]
    at Route.<computed> [as delete] (/Users/yvesyotatchoffo/Mon Drive/Anyhomes/01_Product/01_MVP/Code/Backend/api_bookaro-lovepreet/node_modules/express/lib/router/route.js:216:15)
    at proto.<computed> [as delete] (/Users/yvesyotatchoffo/Mon Drive/Anyhomes/01_Product/01_MVP/Code/Backend/api_bookaro-lovepreet/node_modules/express/lib/router/index.js:521:19)
    at Object.<anonymous> (/Users/yvesyotatchoffo/Mon Drive/Anyhomes/01_Product/01_MVP/Code/Backend/api_bookaro-lovepreet/app/routes/visitFolder.routes.js:11:14)
    at Module._compile (node:internal/modules/cjs/loader:1829:14)
    at Module._extensions..js (node:internal/modules/cjs/loader:1969:10)
    at Module.load (node:internal/modules/cjs/loader:1552:32)
    at Module._load (node:internal/modules/cjs/loader:1354:12)
    at wrapModuleLoad (node:internal/modules/cjs/loader:255:19)
    at Module.require (node:internal/modules/cjs/loader:1575:12)
    at require (node:internal/modules/helpers:191:16)
────────────────────────────────────────────────────────────────────────────────
[2026-07-27T11:10:02.447Z] [uncaughtException]
Error: listen EADDRINUSE: address already in use :::6089
    at Server.setupListenHandle [as _listen2] (node:net:2008:16)
    at listenInCluster (node:net:2065:12)
    at Server.listen (node:net:2170:7)
    at Object.<anonymous> (/Users/yvesyotatchoffo/Mon Drive/Anyhomes/01_Product/01_MVP/Code/Backend/api_bookaro-lovepreet/server.js:289:13)
    at Module._compile (node:internal/modules/cjs/loader:1829:14)
    at Module._extensions..js (node:internal/modules/cjs/loader:1969:10)
    at Module.load (node:internal/modules/cjs/loader:1552:32)
    at Module._load (node:internal/modules/cjs/loader:1354:12)
    at wrapModuleLoad (node:internal/modules/cjs/loader:255:19)
    at Module.executeUserEntryPoint [as runMain] (node:internal/modules/run_main:154:5)
────────────────────────────────────────────────────────────────────────────────
[2026-07-27T11:10:15.930Z] [uncaughtException]
Error: Cannot find module '../controllers/ValorizationItemController'
Require stack:
- /Users/yvesyotatchoffo/Mon Drive/Anyhomes/01_Product/01_MVP/Code/Backend/api_bookaro-lovepreet/app/routes/valorizationItem.routes.js
- /Users/yvesyotatchoffo/Mon Drive/Anyhomes/01_Product/01_MVP/Code/Backend/api_bookaro-lovepreet/app/routes/index.js
- /Users/yvesyotatchoffo/Mon Drive/Anyhomes/01_Product/01_MVP/Code/Backend/api_bookaro-lovepreet/server.js
    at Module._resolveFilename (node:internal/modules/cjs/loader:1475:15)
    at wrapResolveFilename (node:internal/modules/cjs/loader:1048:27)
    at defaultResolveImplForCJSLoading (node:internal/modules/cjs/loader:1072:10)
    at resolveForCJSWithHooks (node:internal/modules/cjs/loader:1093:12)
    at Module._load (node:internal/modules/cjs/loader:1261:25)
    at wrapModuleLoad (node:internal/modules/cjs/loader:255:19)
    at Module.require (node:internal/modules/cjs/loader:1575:12)
    at require (node:internal/modules/helpers:191:16)
    at Object.<anonymous> (/Users/yvesyotatchoffo/Mon Drive/Anyhomes/01_Product/01_MVP/Code/Backend/api_bookaro-lovepreet/app/routes/valorizationItem.routes.js:3:20)
    at Module._compile (node:internal/modules/cjs/loader:1829:14)
────────────────────────────────────────────────────────────────────────────────
[2026-07-27T11:10:15.930Z] [uncaughtException]
Error: Cannot find module '../controllers/ValorizationItemController'
Require stack:
- /Users/yvesyotatchoffo/Mon Drive/Anyhomes/01_Product/01_MVP/Code/Backend/api_bookaro-lovepreet/app/routes/valorizationItem.routes.js
- /Users/yvesyotatchoffo/Mon Drive/Anyhomes/01_Product/01_MVP/Code/Backend/api_bookaro-lovepreet/app/routes/index.js
- /Users/yvesyotatchoffo/Mon Drive/Anyhomes/01_Product/01_MVP/Code/Backend/api_bookaro-lovepreet/server.js
    at Module._resolveFilename (node:internal/modules/cjs/loader:1475:15)
    at wrapResolveFilename (node:internal/modules/cjs/loader:1048:27)
    at defaultResolveImplForCJSLoading (node:internal/modules/cjs/loader:1072:10)
    at resolveForCJSWithHooks (node:internal/modules/cjs/loader:1093:12)
    at Module._load (node:internal/modules/cjs/loader:1261:25)
    at wrapModuleLoad (node:internal/modules/cjs/loader:255:19)
    at Module.require (node:internal/modules/cjs/loader:1575:12)
    at require (node:internal/modules/helpers:191:16)
    at Object.<anonymous> (/Users/yvesyotatchoffo/Mon Drive/Anyhomes/01_Product/01_MVP/Code/Backend/api_bookaro-lovepreet/app/routes/valorizationItem.routes.js:3:20)
    at Module._compile (node:internal/modules/cjs/loader:1829:14)
────────────────────────────────────────────────────────────────────────────────
[2026-07-27T11:10:25.198Z] [uncaughtException]
Error: listen EADDRINUSE: address already in use :::6089
    at Server.setupListenHandle [as _listen2] (node:net:2008:16)
    at listenInCluster (node:net:2065:12)
    at Server.listen (node:net:2170:7)
    at Object.<anonymous> (/Users/yvesyotatchoffo/Mon Drive/Anyhomes/01_Product/01_MVP/Code/Backend/api_bookaro-lovepreet/server.js:289:13)
    at Module._compile (node:internal/modules/cjs/loader:1829:14)
    at Module._extensions..js (node:internal/modules/cjs/loader:1969:10)
    at Module.load (node:internal/modules/cjs/loader:1552:32)
    at Module._load (node:internal/modules/cjs/loader:1354:12)
    at wrapModuleLoad (node:internal/modules/cjs/loader:255:19)
    at Module.executeUserEntryPoint [as runMain] (node:internal/modules/run_main:154:5)
────────────────────────────────────────────────────────────────────────────────
[2026-07-27T11:17:23.253Z] [uncaughtException]
Error: listen EADDRINUSE: address already in use :::6089
    at Server.setupListenHandle [as _listen2] (node:net:2008:16)
    at listenInCluster (node:net:2065:12)
    at Server.listen (node:net:2170:7)
    at Object.<anonymous> (/Users/yvesyotatchoffo/Mon Drive/Anyhomes/01_Product/01_MVP/Code/Backend/api_bookaro-lovepreet/server.js:289:13)
    at Module._compile (node:internal/modules/cjs/loader:1829:14)
    at Module._extensions..js (node:internal/modules/cjs/loader:1969:10)
    at Module.load (node:internal/modules/cjs/loader:1552:32)
    at Module._load (node:internal/modules/cjs/loader:1354:12)
    at wrapModuleLoad (node:internal/modules/cjs/loader:255:19)
    at Module.executeUserEntryPoint [as runMain] (node:internal/modules/run_main:154:5)
────────────────────────────────────────────────────────────────────────────────
[2026-07-27T11:17:23.251Z] [uncaughtException]
Error: listen EADDRINUSE: address already in use :::6089
    at Server.setupListenHandle [as _listen2] (node:net:2008:16)
    at listenInCluster (node:net:2065:12)
    at Server.listen (node:net:2170:7)
    at Object.<anonymous> (/Users/yvesyotatchoffo/Mon Drive/Anyhomes/01_Product/01_MVP/Code/Backend/api_bookaro-lovepreet/server.js:289:13)
    at Module._compile (node:internal/modules/cjs/loader:1829:14)
    at Module._extensions..js (node:internal/modules/cjs/loader:1969:10)
    at Module.load (node:internal/modules/cjs/loader:1552:32)
    at Module._load (node:internal/modules/cjs/loader:1354:12)
    at wrapModuleLoad (node:internal/modules/cjs/loader:255:19)
    at Module.executeUserEntryPoint [as runMain] (node:internal/modules/run_main:154:5)
────────────────────────────────────────────────────────────────────────────────
[2026-07-27T11:17:33.751Z] [uncaughtException]
Error: listen EADDRINUSE: address already in use :::6089
    at Server.setupListenHandle [as _listen2] (node:net:2008:16)
    at listenInCluster (node:net:2065:12)
    at Server.listen (node:net:2170:7)
    at Object.<anonymous> (/Users/yvesyotatchoffo/Mon Drive/Anyhomes/01_Product/01_MVP/Code/Backend/api_bookaro-lovepreet/server.js:289:13)
    at Module._compile (node:internal/modules/cjs/loader:1829:14)
    at Module._extensions..js (node:internal/modules/cjs/loader:1969:10)
    at Module.load (node:internal/modules/cjs/loader:1552:32)
    at Module._load (node:internal/modules/cjs/loader:1354:12)
    at wrapModuleLoad (node:internal/modules/cjs/loader:255:19)
    at Module.executeUserEntryPoint [as runMain] (node:internal/modules/run_main:154:5)
────────────────────────────────────────────────────────────────────────────────
[2026-07-27T11:17:33.751Z] [uncaughtException]
Error: listen EADDRINUSE: address already in use :::6089
    at Server.setupListenHandle [as _listen2] (node:net:2008:16)
    at listenInCluster (node:net:2065:12)
    at Server.listen (node:net:2170:7)
    at Object.<anonymous> (/Users/yvesyotatchoffo/Mon Drive/Anyhomes/01_Product/01_MVP/Code/Backend/api_bookaro-lovepreet/server.js:289:13)
    at Module._compile (node:internal/modules/cjs/loader:1829:14)
    at Module._extensions..js (node:internal/modules/cjs/loader:1969:10)
    at Module.load (node:internal/modules/cjs/loader:1552:32)
    at Module._load (node:internal/modules/cjs/loader:1354:12)
    at wrapModuleLoad (node:internal/modules/cjs/loader:255:19)
    at Module.executeUserEntryPoint [as runMain] (node:internal/modules/run_main:154:5)
────────────────────────────────────────────────────────────────────────────────
[2026-07-28T00:27:22.046Z] [unhandledRejection]
MongoPoolClearedError: Connection pool for localhost:27017 was cleared because another operation failed with: "connection <monitor> to [::1]:27017 timed out"
    at ConnectionPool.processWaitQueue (/Users/yvesyotatchoffo/Mon Drive/Anyhomes/01_Product/01_MVP/Code/Backend/api_bookaro-lovepreet/node_modules/agenda/node_modules/mongodb/lib/cmap/connection_pool.js:483:82)
    at ConnectionPool.clear (/Users/yvesyotatchoffo/Mon Drive/Anyhomes/01_Product/01_MVP/Code/Backend/api_bookaro-lovepreet/node_modules/agenda/node_modules/mongodb/lib/cmap/connection_pool.js:253:14)
    at updateServers (/Users/yvesyotatchoffo/Mon Drive/Anyhomes/01_Product/01_MVP/Code/Backend/api_bookaro-lovepreet/node_modules/agenda/node_modules/mongodb/lib/sdam/topology.js:497:31)
    at Topology.serverUpdateHandler (/Users/yvesyotatchoffo/Mon Drive/Anyhomes/01_Product/01_MVP/Code/Backend/api_bookaro-lovepreet/node_modules/agenda/node_modules/mongodb/lib/sdam/topology.js:362:9)
    at Server.<anonymous> (/Users/yvesyotatchoffo/Mon Drive/Anyhomes/01_Product/01_MVP/Code/Backend/api_bookaro-lovepreet/node_modules/agenda/node_modules/mongodb/lib/sdam/topology.js:480:77)
    at Server.emit (node:events:508:20)
    at markServerUnknown (/Users/yvesyotatchoffo/Mon Drive/Anyhomes/01_Product/01_MVP/Code/Backend/api_bookaro-lovepreet/node_modules/agenda/node_modules/mongodb/lib/sdam/server.js:287:12)
    at Monitor.<anonymous> (/Users/yvesyotatchoffo/Mon Drive/Anyhomes/01_Product/01_MVP/Code/Backend/api_bookaro-lovepreet/node_modules/agenda/node_modules/mongodb/lib/sdam/server.js:57:51)
    at Monitor.emit (node:events:508:20)
    at failureHandler (/Users/yvesyotatchoffo/Mon Drive/Anyhomes/01_Product/01_MVP/Code/Backend/api_bookaro-lovepreet/node_modules/agenda/node_modules/mongodb/lib/sdam/monitor.js:154:17)
────────────────────────────────────────────────────────────────────────────────
[2026-07-28T23:39:01.494Z] [unhandledRejection]
MongoPoolClearedError: Connection pool for localhost:27017 was cleared because another operation failed with: "connection <monitor> to [::1]:27017 timed out"
    at /Users/yvesyotatchoffo/Mon Drive/Anyhomes/01_Product/01_MVP/Code/Backend/api_bookaro-lovepreet/node_modules/agenda/node_modules/mongodb/lib/cmap/connection_pool.js:406:77
    at callback (/Users/yvesyotatchoffo/Mon Drive/Anyhomes/01_Product/01_MVP/Code/Backend/api_bookaro-lovepreet/node_modules/agenda/node_modules/mongodb/lib/cmap/connect.js:67:9)
    at /Users/yvesyotatchoffo/Mon Drive/Anyhomes/01_Product/01_MVP/Code/Backend/api_bookaro-lovepreet/node_modules/agenda/node_modules/mongodb/lib/cmap/connect.js:142:13
    at Connection.onMessage (/Users/yvesyotatchoffo/Mon Drive/Anyhomes/01_Product/01_MVP/Code/Backend/api_bookaro-lovepreet/node_modules/agenda/node_modules/mongodb/lib/cmap/connection.js:243:9)
    at MessageStream.<anonymous> (/Users/yvesyotatchoffo/Mon Drive/Anyhomes/01_Product/01_MVP/Code/Backend/api_bookaro-lovepreet/node_modules/agenda/node_modules/mongodb/lib/cmap/connection.js:61:60)
    at MessageStream.emit (node:events:508:20)
    at processIncomingData (/Users/yvesyotatchoffo/Mon Drive/Anyhomes/01_Product/01_MVP/Code/Backend/api_bookaro-lovepreet/node_modules/agenda/node_modules/mongodb/lib/cmap/message_stream.js:125:16)
    at MessageStream._write (/Users/yvesyotatchoffo/Mon Drive/Anyhomes/01_Product/01_MVP/Code/Backend/api_bookaro-lovepreet/node_modules/agenda/node_modules/mongodb/lib/cmap/message_stream.js:33:9)
    at writeOrBuffer (node:internal/streams/writable:570:12)
    at _write (node:internal/streams/writable:499:10)
────────────────────────────────────────────────────────────────────────────────
[2026-07-29T20:24:24.244Z] [unhandledRejection]
MongoPoolClearedError: Connection pool for localhost:27017 was cleared because another operation failed with: "connection <monitor> to [::1]:27017 timed out"
    at /Users/yvesyotatchoffo/Mon Drive/Anyhomes/01_Product/01_MVP/Code/Backend/api_bookaro-lovepreet/node_modules/agenda/node_modules/mongodb/lib/cmap/connection_pool.js:406:77
    at callback (/Users/yvesyotatchoffo/Mon Drive/Anyhomes/01_Product/01_MVP/Code/Backend/api_bookaro-lovepreet/node_modules/agenda/node_modules/mongodb/lib/cmap/connect.js:67:9)
    at /Users/yvesyotatchoffo/Mon Drive/Anyhomes/01_Product/01_MVP/Code/Backend/api_bookaro-lovepreet/node_modules/agenda/node_modules/mongodb/lib/cmap/connect.js:142:13
    at Connection.onMessage (/Users/yvesyotatchoffo/Mon Drive/Anyhomes/01_Product/01_MVP/Code/Backend/api_bookaro-lovepreet/node_modules/agenda/node_modules/mongodb/lib/cmap/connection.js:243:9)
    at MessageStream.<anonymous> (/Users/yvesyotatchoffo/Mon Drive/Anyhomes/01_Product/01_MVP/Code/Backend/api_bookaro-lovepreet/node_modules/agenda/node_modules/mongodb/lib/cmap/connection.js:61:60)
    at MessageStream.emit (node:events:508:20)
    at processIncomingData (/Users/yvesyotatchoffo/Mon Drive/Anyhomes/01_Product/01_MVP/Code/Backend/api_bookaro-lovepreet/node_modules/agenda/node_modules/mongodb/lib/cmap/message_stream.js:125:16)
    at MessageStream._write (/Users/yvesyotatchoffo/Mon Drive/Anyhomes/01_Product/01_MVP/Code/Backend/api_bookaro-lovepreet/node_modules/agenda/node_modules/mongodb/lib/cmap/message_stream.js:33:9)
    at writeOrBuffer (node:internal/streams/writable:570:12)
    at _write (node:internal/streams/writable:499:10)
────────────────────────────────────────────────────────────────────────────────
[2026-07-30T05:39:32.227Z] [unhandledRejection]
MongoPoolClearedError: Connection pool for localhost:27017 was cleared because another operation failed with: "connection <monitor> to [::1]:27017 timed out"
    at /Users/yvesyotatchoffo/Mon Drive/Anyhomes/01_Product/01_MVP/Code/Backend/api_bookaro-lovepreet/node_modules/agenda/node_modules/mongodb/lib/cmap/connection_pool.js:406:77
    at callback (/Users/yvesyotatchoffo/Mon Drive/Anyhomes/01_Product/01_MVP/Code/Backend/api_bookaro-lovepreet/node_modules/agenda/node_modules/mongodb/lib/cmap/connect.js:67:9)
    at /Users/yvesyotatchoffo/Mon Drive/Anyhomes/01_Product/01_MVP/Code/Backend/api_bookaro-lovepreet/node_modules/agenda/node_modules/mongodb/lib/cmap/connect.js:142:13
    at Connection.onMessage (/Users/yvesyotatchoffo/Mon Drive/Anyhomes/01_Product/01_MVP/Code/Backend/api_bookaro-lovepreet/node_modules/agenda/node_modules/mongodb/lib/cmap/connection.js:243:9)
    at MessageStream.<anonymous> (/Users/yvesyotatchoffo/Mon Drive/Anyhomes/01_Product/01_MVP/Code/Backend/api_bookaro-lovepreet/node_modules/agenda/node_modules/mongodb/lib/cmap/connection.js:61:60)
    at MessageStream.emit (node:events:508:20)
    at processIncomingData (/Users/yvesyotatchoffo/Mon Drive/Anyhomes/01_Product/01_MVP/Code/Backend/api_bookaro-lovepreet/node_modules/agenda/node_modules/mongodb/lib/cmap/message_stream.js:125:16)
    at MessageStream._write (/Users/yvesyotatchoffo/Mon Drive/Anyhomes/01_Product/01_MVP/Code/Backend/api_bookaro-lovepreet/node_modules/agenda/node_modules/mongodb/lib/cmap/message_stream.js:33:9)
    at writeOrBuffer (node:internal/streams/writable:570:12)
    at _write (node:internal/streams/writable:499:10)
────────────────────────────────────────────────────────────────────────────────
[2026-07-31T20:46:48.845Z] [unhandledRejection]
MongoPoolClearedError: Connection pool for localhost:27017 was cleared because another operation failed with: "connection <monitor> to [::1]:27017 timed out"
    at ConnectionPool.processWaitQueue (/Users/yvesyotatchoffo/Mon Drive/Anyhomes/01_Product/01_MVP/Code/Backend/api_bookaro-lovepreet/node_modules/agenda/node_modules/mongodb/lib/cmap/connection_pool.js:483:82)
    at ConnectionPool.clear (/Users/yvesyotatchoffo/Mon Drive/Anyhomes/01_Product/01_MVP/Code/Backend/api_bookaro-lovepreet/node_modules/agenda/node_modules/mongodb/lib/cmap/connection_pool.js:253:14)
    at updateServers (/Users/yvesyotatchoffo/Mon Drive/Anyhomes/01_Product/01_MVP/Code/Backend/api_bookaro-lovepreet/node_modules/agenda/node_modules/mongodb/lib/sdam/topology.js:497:31)
    at Topology.serverUpdateHandler (/Users/yvesyotatchoffo/Mon Drive/Anyhomes/01_Product/01_MVP/Code/Backend/api_bookaro-lovepreet/node_modules/agenda/node_modules/mongodb/lib/sdam/topology.js:362:9)
    at Server.<anonymous> (/Users/yvesyotatchoffo/Mon Drive/Anyhomes/01_Product/01_MVP/Code/Backend/api_bookaro-lovepreet/node_modules/agenda/node_modules/mongodb/lib/sdam/topology.js:480:77)
    at Server.emit (node:events:508:20)
    at markServerUnknown (/Users/yvesyotatchoffo/Mon Drive/Anyhomes/01_Product/01_MVP/Code/Backend/api_bookaro-lovepreet/node_modules/agenda/node_modules/mongodb/lib/sdam/server.js:287:12)
    at Monitor.<anonymous> (/Users/yvesyotatchoffo/Mon Drive/Anyhomes/01_Product/01_MVP/Code/Backend/api_bookaro-lovepreet/node_modules/agenda/node_modules/mongodb/lib/sdam/server.js:57:51)
    at Monitor.emit (node:events:508:20)
    at failureHandler (/Users/yvesyotatchoffo/Mon Drive/Anyhomes/01_Product/01_MVP/Code/Backend/api_bookaro-lovepreet/node_modules/agenda/node_modules/mongodb/lib/sdam/monitor.js:154:17)
────────────────────────────────────────────────────────────────────────────────
[2026-08-02T05:40:22.690Z] [unhandledRejection]
MongoPoolClearedError: Connection pool for localhost:27017 was cleared because another operation failed with: "connection <monitor> to [::1]:27017 timed out"
    at ConnectionPool.processWaitQueue (/Users/yvesyotatchoffo/Mon Drive/Anyhomes/01_Product/01_MVP/Code/Backend/api_bookaro-lovepreet/node_modules/agenda/node_modules/mongodb/lib/cmap/connection_pool.js:483:82)
    at ConnectionPool.clear (/Users/yvesyotatchoffo/Mon Drive/Anyhomes/01_Product/01_MVP/Code/Backend/api_bookaro-lovepreet/node_modules/agenda/node_modules/mongodb/lib/cmap/connection_pool.js:253:14)
    at updateServers (/Users/yvesyotatchoffo/Mon Drive/Anyhomes/01_Product/01_MVP/Code/Backend/api_bookaro-lovepreet/node_modules/agenda/node_modules/mongodb/lib/sdam/topology.js:497:31)
    at Topology.serverUpdateHandler (/Users/yvesyotatchoffo/Mon Drive/Anyhomes/01_Product/01_MVP/Code/Backend/api_bookaro-lovepreet/node_modules/agenda/node_modules/mongodb/lib/sdam/topology.js:362:9)
    at Server.<anonymous> (/Users/yvesyotatchoffo/Mon Drive/Anyhomes/01_Product/01_MVP/Code/Backend/api_bookaro-lovepreet/node_modules/agenda/node_modules/mongodb/lib/sdam/topology.js:480:77)
    at Server.emit (node:events:508:20)
    at markServerUnknown (/Users/yvesyotatchoffo/Mon Drive/Anyhomes/01_Product/01_MVP/Code/Backend/api_bookaro-lovepreet/node_modules/agenda/node_modules/mongodb/lib/sdam/server.js:287:12)
    at Monitor.<anonymous> (/Users/yvesyotatchoffo/Mon Drive/Anyhomes/01_Product/01_MVP/Code/Backend/api_bookaro-lovepreet/node_modules/agenda/node_modules/mongodb/lib/sdam/server.js:57:51)
    at Monitor.emit (node:events:508:20)
    at failureHandler (/Users/yvesyotatchoffo/Mon Drive/Anyhomes/01_Product/01_MVP/Code/Backend/api_bookaro-lovepreet/node_modules/agenda/node_modules/mongodb/lib/sdam/monitor.js:154:17)
────────────────────────────────────────────────────────────────────────────────
[2026-08-02T10:28:17.915Z] [uncaughtException]
Error: listen EADDRINUSE: address already in use :::6089
    at Server.setupListenHandle [as _listen2] (node:net:2008:16)
    at listenInCluster (node:net:2065:12)
    at Server.listen (node:net:2170:7)
    at Object.<anonymous> (/Users/yvesyotatchoffo/Mon Drive/Anyhomes/01_Product/01_MVP/Code/Backend/api_bookaro-lovepreet/server.js:289:13)
    at Module._compile (node:internal/modules/cjs/loader:1829:14)
    at Module._extensions..js (node:internal/modules/cjs/loader:1969:10)
    at Module.load (node:internal/modules/cjs/loader:1552:32)
    at Module._load (node:internal/modules/cjs/loader:1354:12)
    at wrapModuleLoad (node:internal/modules/cjs/loader:255:19)
    at Module.executeUserEntryPoint [as runMain] (node:internal/modules/run_main:154:5)
────────────────────────────────────────────────────────────────────────────────
[2026-08-02T10:28:17.915Z] [uncaughtException]
Error: listen EADDRINUSE: address already in use :::6089
    at Server.setupListenHandle [as _listen2] (node:net:2008:16)
    at listenInCluster (node:net:2065:12)
    at Server.listen (node:net:2170:7)
    at Object.<anonymous> (/Users/yvesyotatchoffo/Mon Drive/Anyhomes/01_Product/01_MVP/Code/Backend/api_bookaro-lovepreet/server.js:289:13)
    at Module._compile (node:internal/modules/cjs/loader:1829:14)
    at Module._extensions..js (node:internal/modules/cjs/loader:1969:10)
    at Module.load (node:internal/modules/cjs/loader:1552:32)
    at Module._load (node:internal/modules/cjs/loader:1354:12)
    at wrapModuleLoad (node:internal/modules/cjs/loader:255:19)
    at Module.executeUserEntryPoint [as runMain] (node:internal/modules/run_main:154:5)
────────────────────────────────────────────────────────────────────────────────
[2026-08-02T10:28:45.458Z] [uncaughtException]
Error: listen EADDRINUSE: address already in use :::6089
    at Server.setupListenHandle [as _listen2] (node:net:2008:16)
    at listenInCluster (node:net:2065:12)
    at Server.listen (node:net:2170:7)
    at Object.<anonymous> (/Users/yvesyotatchoffo/Mon Drive/Anyhomes/01_Product/01_MVP/Code/Backend/api_bookaro-lovepreet/server.js:289:13)
    at Module._compile (node:internal/modules/cjs/loader:1829:14)
    at Module._extensions..js (node:internal/modules/cjs/loader:1969:10)
    at Module.load (node:internal/modules/cjs/loader:1552:32)
    at Module._load (node:internal/modules/cjs/loader:1354:12)
    at wrapModuleLoad (node:internal/modules/cjs/loader:255:19)
    at Module.executeUserEntryPoint [as runMain] (node:internal/modules/run_main:154:5)
────────────────────────────────────────────────────────────────────────────────
[2026-08-02T10:28:45.458Z] [uncaughtException]
Error: listen EADDRINUSE: address already in use :::6089
    at Server.setupListenHandle [as _listen2] (node:net:2008:16)
    at listenInCluster (node:net:2065:12)
    at Server.listen (node:net:2170:7)
    at Object.<anonymous> (/Users/yvesyotatchoffo/Mon Drive/Anyhomes/01_Product/01_MVP/Code/Backend/api_bookaro-lovepreet/server.js:289:13)
    at Module._compile (node:internal/modules/cjs/loader:1829:14)
    at Module._extensions..js (node:internal/modules/cjs/loader:1969:10)
    at Module.load (node:internal/modules/cjs/loader:1552:32)
    at Module._load (node:internal/modules/cjs/loader:1354:12)
    at wrapModuleLoad (node:internal/modules/cjs/loader:255:19)
    at Module.executeUserEntryPoint [as runMain] (node:internal/modules/run_main:154:5)
────────────────────────────────────────────────────────────────────────────────
[2026-08-02T10:29:18.227Z] [uncaughtException]
Error: listen EADDRINUSE: address already in use :::6089
    at Server.setupListenHandle [as _listen2] (node:net:2008:16)
    at listenInCluster (node:net:2065:12)
    at Server.listen (node:net:2170:7)
    at Object.<anonymous> (/Users/yvesyotatchoffo/Mon Drive/Anyhomes/01_Product/01_MVP/Code/Backend/api_bookaro-lovepreet/server.js:289:13)
    at Module._compile (node:internal/modules/cjs/loader:1829:14)
    at Module._extensions..js (node:internal/modules/cjs/loader:1969:10)
    at Module.load (node:internal/modules/cjs/loader:1552:32)
    at Module._load (node:internal/modules/cjs/loader:1354:12)
    at wrapModuleLoad (node:internal/modules/cjs/loader:255:19)
    at Module.executeUserEntryPoint [as runMain] (node:internal/modules/run_main:154:5)
────────────────────────────────────────────────────────────────────────────────
[2026-08-02T10:29:18.229Z] [uncaughtException]
Error: listen EADDRINUSE: address already in use :::6089
    at Server.setupListenHandle [as _listen2] (node:net:2008:16)
    at listenInCluster (node:net:2065:12)
    at Server.listen (node:net:2170:7)
    at Object.<anonymous> (/Users/yvesyotatchoffo/Mon Drive/Anyhomes/01_Product/01_MVP/Code/Backend/api_bookaro-lovepreet/server.js:289:13)
    at Module._compile (node:internal/modules/cjs/loader:1829:14)
    at Module._extensions..js (node:internal/modules/cjs/loader:1969:10)
    at Module.load (node:internal/modules/cjs/loader:1552:32)
    at Module._load (node:internal/modules/cjs/loader:1354:12)
    at wrapModuleLoad (node:internal/modules/cjs/loader:255:19)
    at Module.executeUserEntryPoint [as runMain] (node:internal/modules/run_main:154:5)
────────────────────────────────────────────────────────────────────────────────
[2026-08-02T10:39:15.719Z] [uncaughtException]
Error: listen EADDRINUSE: address already in use :::6089
    at Server.setupListenHandle [as _listen2] (node:net:2008:16)
    at listenInCluster (node:net:2065:12)
    at Server.listen (node:net:2170:7)
    at Object.<anonymous> (/Users/yvesyotatchoffo/Mon Drive/Anyhomes/01_Product/01_MVP/Code/Backend/api_bookaro-lovepreet/server.js:289:13)
    at Module._compile (node:internal/modules/cjs/loader:1829:14)
    at Module._extensions..js (node:internal/modules/cjs/loader:1969:10)
    at Module.load (node:internal/modules/cjs/loader:1552:32)
    at Module._load (node:internal/modules/cjs/loader:1354:12)
    at wrapModuleLoad (node:internal/modules/cjs/loader:255:19)
    at Module.executeUserEntryPoint [as runMain] (node:internal/modules/run_main:154:5)
────────────────────────────────────────────────────────────────────────────────
[2026-08-02T10:39:15.719Z] [uncaughtException]
Error: listen EADDRINUSE: address already in use :::6089
    at Server.setupListenHandle [as _listen2] (node:net:2008:16)
    at listenInCluster (node:net:2065:12)
    at Server.listen (node:net:2170:7)
    at Object.<anonymous> (/Users/yvesyotatchoffo/Mon Drive/Anyhomes/01_Product/01_MVP/Code/Backend/api_bookaro-lovepreet/server.js:289:13)
    at Module._compile (node:internal/modules/cjs/loader:1829:14)
    at Module._extensions..js (node:internal/modules/cjs/loader:1969:10)
    at Module.load (node:internal/modules/cjs/loader:1552:32)
    at Module._load (node:internal/modules/cjs/loader:1354:12)
    at wrapModuleLoad (node:internal/modules/cjs/loader:255:19)
    at Module.executeUserEntryPoint [as runMain] (node:internal/modules/run_main:154:5)
────────────────────────────────────────────────────────────────────────────────
[2026-08-02T11:20:15.899Z] [uncaughtException]
Error: listen EADDRINUSE: address already in use :::6089
    at Server.setupListenHandle [as _listen2] (node:net:2008:16)
    at listenInCluster (node:net:2065:12)
    at Server.listen (node:net:2170:7)
    at Object.<anonymous> (/Users/yvesyotatchoffo/Mon Drive/Anyhomes/01_Product/01_MVP/Code/Backend/api_bookaro-lovepreet/server.js:289:13)
    at Module._compile (node:internal/modules/cjs/loader:1829:14)
    at Module._extensions..js (node:internal/modules/cjs/loader:1969:10)
    at Module.load (node:internal/modules/cjs/loader:1552:32)
    at Module._load (node:internal/modules/cjs/loader:1354:12)
    at wrapModuleLoad (node:internal/modules/cjs/loader:255:19)
    at Module.executeUserEntryPoint [as runMain] (node:internal/modules/run_main:154:5)
────────────────────────────────────────────────────────────────────────────────
[2026-08-02T11:20:15.899Z] [uncaughtException]
Error: listen EADDRINUSE: address already in use :::6089
    at Server.setupListenHandle [as _listen2] (node:net:2008:16)
    at listenInCluster (node:net:2065:12)
    at Server.listen (node:net:2170:7)
    at Object.<anonymous> (/Users/yvesyotatchoffo/Mon Drive/Anyhomes/01_Product/01_MVP/Code/Backend/api_bookaro-lovepreet/server.js:289:13)
    at Module._compile (node:internal/modules/cjs/loader:1829:14)
    at Module._extensions..js (node:internal/modules/cjs/loader:1969:10)
    at Module.load (node:internal/modules/cjs/loader:1552:32)
    at Module._load (node:internal/modules/cjs/loader:1354:12)
    at wrapModuleLoad (node:internal/modules/cjs/loader:255:19)
    at Module.executeUserEntryPoint [as runMain] (node:internal/modules/run_main:154:5)
────────────────────────────────────────────────────────────────────────────────
[2026-08-02T11:20:18.060Z] [uncaughtException]
Error: listen EADDRINUSE: address already in use :::6089
    at Server.setupListenHandle [as _listen2] (node:net:2008:16)
    at listenInCluster (node:net:2065:12)
    at Server.listen (node:net:2170:7)
    at Object.<anonymous> (/Users/yvesyotatchoffo/Mon Drive/Anyhomes/01_Product/01_MVP/Code/Backend/api_bookaro-lovepreet/server.js:289:13)
    at Module._compile (node:internal/modules/cjs/loader:1829:14)
    at Module._extensions..js (node:internal/modules/cjs/loader:1969:10)
    at Module.load (node:internal/modules/cjs/loader:1552:32)
    at Module._load (node:internal/modules/cjs/loader:1354:12)
    at wrapModuleLoad (node:internal/modules/cjs/loader:255:19)
    at Module.executeUserEntryPoint [as runMain] (node:internal/modules/run_main:154:5)
────────────────────────────────────────────────────────────────────────────────
[2026-08-02T11:20:18.080Z] [uncaughtException]
Error: listen EADDRINUSE: address already in use :::6089
    at Server.setupListenHandle [as _listen2] (node:net:2008:16)
    at listenInCluster (node:net:2065:12)
    at Server.listen (node:net:2170:7)
    at Object.<anonymous> (/Users/yvesyotatchoffo/Mon Drive/Anyhomes/01_Product/01_MVP/Code/Backend/api_bookaro-lovepreet/server.js:289:13)
    at Module._compile (node:internal/modules/cjs/loader:1829:14)
    at Module._extensions..js (node:internal/modules/cjs/loader:1969:10)
    at Module.load (node:internal/modules/cjs/loader:1552:32)
    at Module._load (node:internal/modules/cjs/loader:1354:12)
    at wrapModuleLoad (node:internal/modules/cjs/loader:255:19)
    at Module.executeUserEntryPoint [as runMain] (node:internal/modules/run_main:154:5)
────────────────────────────────────────────────────────────────────────────────
[2026-08-03T02:44:21.720Z] [unhandledRejection]
MongoServerSelectionError: connection 230 to [::1]:27017 timed out
    at Timeout._onTimeout (/Users/yvesyotatchoffo/Mon Drive/Anyhomes/01_Product/01_MVP/Code/Backend/api_bookaro-lovepreet/node_modules/agenda/node_modules/mongodb/lib/sdam/topology.js:292:38)
    at listOnTimeout (node:internal/timers:605:17)
    at process.processTimers (node:internal/timers:541:7)
────────────────────────────────────────────────────────────────────────────────
[2026-08-03T07:47:56.906Z] [uncaughtException]
Error: listen EADDRINUSE: address already in use :::6089
    at Server.setupListenHandle [as _listen2] (node:net:2008:16)
    at listenInCluster (node:net:2065:12)
    at Server.listen (node:net:2170:7)
    at Object.<anonymous> (/Users/yvesyotatchoffo/Mon Drive/Anyhomes/01_Product/01_MVP/Code/Backend/api_bookaro-lovepreet/server.js:289:13)
    at Module._compile (node:internal/modules/cjs/loader:1829:14)
    at Module._extensions..js (node:internal/modules/cjs/loader:1969:10)
    at Module.load (node:internal/modules/cjs/loader:1552:32)
    at Module._load (node:internal/modules/cjs/loader:1354:12)
    at wrapModuleLoad (node:internal/modules/cjs/loader:255:19)
    at Module.executeUserEntryPoint [as runMain] (node:internal/modules/run_main:154:5)
────────────────────────────────────────────────────────────────────────────────
[2026-08-03T07:47:56.906Z] [uncaughtException]
Error: listen EADDRINUSE: address already in use :::6089
    at Server.setupListenHandle [as _listen2] (node:net:2008:16)
    at listenInCluster (node:net:2065:12)
    at Server.listen (node:net:2170:7)
    at Object.<anonymous> (/Users/yvesyotatchoffo/Mon Drive/Anyhomes/01_Product/01_MVP/Code/Backend/api_bookaro-lovepreet/server.js:289:13)
    at Module._compile (node:internal/modules/cjs/loader:1829:14)
    at Module._extensions..js (node:internal/modules/cjs/loader:1969:10)
    at Module.load (node:internal/modules/cjs/loader:1552:32)
    at Module._load (node:internal/modules/cjs/loader:1354:12)
    at wrapModuleLoad (node:internal/modules/cjs/loader:255:19)
    at Module.executeUserEntryPoint [as runMain] (node:internal/modules/run_main:154:5)
────────────────────────────────────────────────────────────────────────────────
[2026-08-03T07:47:56.907Z] [uncaughtException]
Error: listen EADDRINUSE: address already in use :::6089
    at Server.setupListenHandle [as _listen2] (node:net:2008:16)
    at listenInCluster (node:net:2065:12)
    at Server.listen (node:net:2170:7)
    at Object.<anonymous> (/Users/yvesyotatchoffo/Mon Drive/Anyhomes/01_Product/01_MVP/Code/Backend/api_bookaro-lovepreet/server.js:289:13)
    at Module._compile (node:internal/modules/cjs/loader:1829:14)
    at Module._extensions..js (node:internal/modules/cjs/loader:1969:10)
    at Module.load (node:internal/modules/cjs/loader:1552:32)
    at Module._load (node:internal/modules/cjs/loader:1354:12)
    at wrapModuleLoad (node:internal/modules/cjs/loader:255:19)
    at Module.executeUserEntryPoint [as runMain] (node:internal/modules/run_main:154:5)
────────────────────────────────────────────────────────────────────────────────
[2026-08-03T20:04:34.839Z] [unhandledRejection]
MongoPoolClearedError: Connection pool for localhost:27017 was cleared because another operation failed with: "connection <monitor> to [::1]:27017 timed out"
    at /Users/yvesyotatchoffo/Mon Drive/Anyhomes/01_Product/01_MVP/Code/Backend/api_bookaro-lovepreet/node_modules/agenda/node_modules/mongodb/lib/cmap/connection_pool.js:406:77
    at callback (/Users/yvesyotatchoffo/Mon Drive/Anyhomes/01_Product/01_MVP/Code/Backend/api_bookaro-lovepreet/node_modules/agenda/node_modules/mongodb/lib/cmap/connect.js:67:9)
    at /Users/yvesyotatchoffo/Mon Drive/Anyhomes/01_Product/01_MVP/Code/Backend/api_bookaro-lovepreet/node_modules/agenda/node_modules/mongodb/lib/cmap/connect.js:142:13
    at Connection.onMessage (/Users/yvesyotatchoffo/Mon Drive/Anyhomes/01_Product/01_MVP/Code/Backend/api_bookaro-lovepreet/node_modules/agenda/node_modules/mongodb/lib/cmap/connection.js:243:9)
    at MessageStream.<anonymous> (/Users/yvesyotatchoffo/Mon Drive/Anyhomes/01_Product/01_MVP/Code/Backend/api_bookaro-lovepreet/node_modules/agenda/node_modules/mongodb/lib/cmap/connection.js:61:60)
    at MessageStream.emit (node:events:508:20)
    at processIncomingData (/Users/yvesyotatchoffo/Mon Drive/Anyhomes/01_Product/01_MVP/Code/Backend/api_bookaro-lovepreet/node_modules/agenda/node_modules/mongodb/lib/cmap/message_stream.js:125:16)
    at MessageStream._write (/Users/yvesyotatchoffo/Mon Drive/Anyhomes/01_Product/01_MVP/Code/Backend/api_bookaro-lovepreet/node_modules/agenda/node_modules/mongodb/lib/cmap/message_stream.js:33:9)
    at writeOrBuffer (node:internal/streams/writable:570:12)
    at _write (node:internal/streams/writable:499:10)
────────────────────────────────────────────────────────────────────────────────
[2026-08-04T17:34:54.885Z] [unhandledRejection]
MongoPoolClearedError: Connection pool for localhost:27017 was cleared because another operation failed with: "connection <monitor> to [::1]:27017 timed out"
    at ConnectionPool.processWaitQueue (/Users/yvesyotatchoffo/Mon Drive/Anyhomes/01_Product/01_MVP/Code/Backend/api_bookaro-lovepreet/node_modules/agenda/node_modules/mongodb/lib/cmap/connection_pool.js:483:82)
    at ConnectionPool.clear (/Users/yvesyotatchoffo/Mon Drive/Anyhomes/01_Product/01_MVP/Code/Backend/api_bookaro-lovepreet/node_modules/agenda/node_modules/mongodb/lib/cmap/connection_pool.js:253:14)
    at updateServers (/Users/yvesyotatchoffo/Mon Drive/Anyhomes/01_Product/01_MVP/Code/Backend/api_bookaro-lovepreet/node_modules/agenda/node_modules/mongodb/lib/sdam/topology.js:497:31)
    at Topology.serverUpdateHandler (/Users/yvesyotatchoffo/Mon Drive/Anyhomes/01_Product/01_MVP/Code/Backend/api_bookaro-lovepreet/node_modules/agenda/node_modules/mongodb/lib/sdam/topology.js:362:9)
    at Server.<anonymous> (/Users/yvesyotatchoffo/Mon Drive/Anyhomes/01_Product/01_MVP/Code/Backend/api_bookaro-lovepreet/node_modules/agenda/node_modules/mongodb/lib/sdam/topology.js:480:77)
    at Server.emit (node:events:508:20)
    at markServerUnknown (/Users/yvesyotatchoffo/Mon Drive/Anyhomes/01_Product/01_MVP/Code/Backend/api_bookaro-lovepreet/node_modules/agenda/node_modules/mongodb/lib/sdam/server.js:287:12)
    at Monitor.<anonymous> (/Users/yvesyotatchoffo/Mon Drive/Anyhomes/01_Product/01_MVP/Code/Backend/api_bookaro-lovepreet/node_modules/agenda/node_modules/mongodb/lib/sdam/server.js:57:51)
    at Monitor.emit (node:events:508:20)
    at failureHandler (/Users/yvesyotatchoffo/Mon Drive/Anyhomes/01_Product/01_MVP/Code/Backend/api_bookaro-lovepreet/node_modules/agenda/node_modules/mongodb/lib/sdam/monitor.js:154:17)
────────────────────────────────────────────────────────────────────────────────
[2026-08-05T02:19:24.969Z] [unhandledRejection]
MongoPoolClearedError: Connection pool for localhost:27017 was cleared because another operation failed with: "connection <monitor> to [::1]:27017 timed out"
    at ConnectionPool.processWaitQueue (/Users/yvesyotatchoffo/Mon Drive/Anyhomes/01_Product/01_MVP/Code/Backend/api_bookaro-lovepreet/node_modules/agenda/node_modules/mongodb/lib/cmap/connection_pool.js:483:82)
    at ConnectionPool.clear (/Users/yvesyotatchoffo/Mon Drive/Anyhomes/01_Product/01_MVP/Code/Backend/api_bookaro-lovepreet/node_modules/agenda/node_modules/mongodb/lib/cmap/connection_pool.js:253:14)
    at updateServers (/Users/yvesyotatchoffo/Mon Drive/Anyhomes/01_Product/01_MVP/Code/Backend/api_bookaro-lovepreet/node_modules/agenda/node_modules/mongodb/lib/sdam/topology.js:497:31)
    at Topology.serverUpdateHandler (/Users/yvesyotatchoffo/Mon Drive/Anyhomes/01_Product/01_MVP/Code/Backend/api_bookaro-lovepreet/node_modules/agenda/node_modules/mongodb/lib/sdam/topology.js:362:9)
    at Server.<anonymous> (/Users/yvesyotatchoffo/Mon Drive/Anyhomes/01_Product/01_MVP/Code/Backend/api_bookaro-lovepreet/node_modules/agenda/node_modules/mongodb/lib/sdam/topology.js:480:77)
    at Server.emit (node:events:508:20)
    at markServerUnknown (/Users/yvesyotatchoffo/Mon Drive/Anyhomes/01_Product/01_MVP/Code/Backend/api_bookaro-lovepreet/node_modules/agenda/node_modules/mongodb/lib/sdam/server.js:287:12)
    at Monitor.<anonymous> (/Users/yvesyotatchoffo/Mon Drive/Anyhomes/01_Product/01_MVP/Code/Backend/api_bookaro-lovepreet/node_modules/agenda/node_modules/mongodb/lib/sdam/server.js:57:51)
    at Monitor.emit (node:events:508:20)
    at failureHandler (/Users/yvesyotatchoffo/Mon Drive/Anyhomes/01_Product/01_MVP/Code/Backend/api_bookaro-lovepreet/node_modules/agenda/node_modules/mongodb/lib/sdam/monitor.js:154:17)
────────────────────────────────────────────────────────────────────────────────
[2026-08-05T19:39:45.862Z] [uncaughtException]
/Users/yvesyotatchoffo/Mon Drive/Anyhomes/01_Product/01_MVP/Code/Backend/api_bookaro-lovepreet/app/controllers/PropertyController.js:4605
      };
      ^

SyntaxError: Missing catch or finally after try
    at wrapSafe (node:internal/modules/cjs/loader:1762:18)
    at Module._compile (node:internal/modules/cjs/loader:1803:20)
    at Module._extensions..js (node:internal/modules/cjs/loader:1969:10)
    at Module.load (node:internal/modules/cjs/loader:1552:32)
    at Module._load (node:internal/modules/cjs/loader:1354:12)
    at wrapModuleLoad (node:internal/modules/cjs/loader:255:19)
    at Module.require (node:internal/modules/cjs/loader:1575:12)
    at require (node:internal/modules/helpers:191:16)
    at Object.<anonymous> (/Users/yvesyotatchoffo/Mon Drive/Anyhomes/01_Product/01_MVP/Code/Backend/api_bookaro-lovepreet/app/routes/property.routes.js:1:16)
    at Module._compile (node:internal/modules/cjs/loader:1829:14)
────────────────────────────────────────────────────────────────────────────────
[2026-08-05T19:39:52.106Z] [uncaughtException]
/Users/yvesyotatchoffo/Mon Drive/Anyhomes/01_Product/01_MVP/Code/Backend/api_bookaro-lovepreet/app/controllers/PropertyController.js:4605
      };
      ^

SyntaxError: Missing catch or finally after try
    at wrapSafe (node:internal/modules/cjs/loader:1762:18)
    at Module._compile (node:internal/modules/cjs/loader:1803:20)
    at Module._extensions..js (node:internal/modules/cjs/loader:1969:10)
    at Module.load (node:internal/modules/cjs/loader:1552:32)
    at Module._load (node:internal/modules/cjs/loader:1354:12)
    at wrapModuleLoad (node:internal/modules/cjs/loader:255:19)
    at Module.require (node:internal/modules/cjs/loader:1575:12)
    at require (node:internal/modules/helpers:191:16)
    at Object.<anonymous> (/Users/yvesyotatchoffo/Mon Drive/Anyhomes/01_Product/01_MVP/Code/Backend/api_bookaro-lovepreet/app/routes/property.routes.js:1:16)
    at Module._compile (node:internal/modules/cjs/loader:1829:14)
────────────────────────────────────────────────────────────────────────────────
[2026-08-05T19:39:56.828Z] [uncaughtException]
/Users/yvesyotatchoffo/Mon Drive/Anyhomes/01_Product/01_MVP/Code/Backend/api_bookaro-lovepreet/app/controllers/PropertyController.js:4605
      };
      ^

SyntaxError: Missing catch or finally after try
    at wrapSafe (node:internal/modules/cjs/loader:1762:18)
    at Module._compile (node:internal/modules/cjs/loader:1803:20)
    at Module._extensions..js (node:internal/modules/cjs/loader:1969:10)
    at Module.load (node:internal/modules/cjs/loader:1552:32)
    at Module._load (node:internal/modules/cjs/loader:1354:12)
    at wrapModuleLoad (node:internal/modules/cjs/loader:255:19)
    at Module.require (node:internal/modules/cjs/loader:1575:12)
    at require (node:internal/modules/helpers:191:16)
    at Object.<anonymous> (/Users/yvesyotatchoffo/Mon Drive/Anyhomes/01_Product/01_MVP/Code/Backend/api_bookaro-lovepreet/app/routes/property.routes.js:1:16)
    at Module._compile (node:internal/modules/cjs/loader:1829:14)
────────────────────────────────────────────────────────────────────────────────
[2026-08-05T19:49:49.254Z] [uncaughtException]
Error: listen EADDRINUSE: address already in use :::6089
    at Server.setupListenHandle [as _listen2] (node:net:2008:16)
    at listenInCluster (node:net:2065:12)
    at Server.listen (node:net:2170:7)
    at Object.<anonymous> (/Users/yvesyotatchoffo/Mon Drive/Anyhomes/01_Product/01_MVP/Code/Backend/api_bookaro-lovepreet/server.js:290:13)
    at Module._compile (node:internal/modules/cjs/loader:1829:14)
    at Module._extensions..js (node:internal/modules/cjs/loader:1969:10)
    at Module.load (node:internal/modules/cjs/loader:1552:32)
    at Module._load (node:internal/modules/cjs/loader:1354:12)
    at wrapModuleLoad (node:internal/modules/cjs/loader:255:19)
    at Module.executeUserEntryPoint [as runMain] (node:internal/modules/run_main:154:5)
────────────────────────────────────────────────────────────────────────────────
[2026-08-05T20:02:31.780Z] [uncaughtException]
Error: listen EADDRINUSE: address already in use :::6089
    at Server.setupListenHandle [as _listen2] (node:net:2008:16)
    at listenInCluster (node:net:2065:12)
    at Server.listen (node:net:2170:7)
    at Object.<anonymous> (/Users/yvesyotatchoffo/Mon Drive/Anyhomes/01_Product/01_MVP/Code/Backend/api_bookaro-lovepreet/server.js:290:13)
    at Module._compile (node:internal/modules/cjs/loader:1829:14)
    at Module._extensions..js (node:internal/modules/cjs/loader:1969:10)
    at Module.load (node:internal/modules/cjs/loader:1552:32)
    at Module._load (node:internal/modules/cjs/loader:1354:12)
    at wrapModuleLoad (node:internal/modules/cjs/loader:255:19)
    at Module.executeUserEntryPoint [as runMain] (node:internal/modules/run_main:154:5)
────────────────────────────────────────────────────────────────────────────────
[2026-08-05T20:02:37.007Z] [uncaughtException]
Error: listen EADDRINUSE: address already in use :::6089
    at Server.setupListenHandle [as _listen2] (node:net:2008:16)
    at listenInCluster (node:net:2065:12)
    at Server.listen (node:net:2170:7)
    at Object.<anonymous> (/Users/yvesyotatchoffo/Mon Drive/Anyhomes/01_Product/01_MVP/Code/Backend/api_bookaro-lovepreet/server.js:290:13)
    at Module._compile (node:internal/modules/cjs/loader:1829:14)
    at Module._extensions..js (node:internal/modules/cjs/loader:1969:10)
    at Module.load (node:internal/modules/cjs/loader:1552:32)
    at Module._load (node:internal/modules/cjs/loader:1354:12)
    at wrapModuleLoad (node:internal/modules/cjs/loader:255:19)
    at Module.executeUserEntryPoint [as runMain] (node:internal/modules/run_main:154:5)
────────────────────────────────────────────────────────────────────────────────
[2026-08-05T20:02:45.477Z] [uncaughtException]
Error: listen EADDRINUSE: address already in use :::6089
    at Server.setupListenHandle [as _listen2] (node:net:2008:16)
    at listenInCluster (node:net:2065:12)
    at Server.listen (node:net:2170:7)
    at Object.<anonymous> (/Users/yvesyotatchoffo/Mon Drive/Anyhomes/01_Product/01_MVP/Code/Backend/api_bookaro-lovepreet/server.js:290:13)
    at Module._compile (node:internal/modules/cjs/loader:1829:14)
    at Module._extensions..js (node:internal/modules/cjs/loader:1969:10)
    at Module.load (node:internal/modules/cjs/loader:1552:32)
    at Module._load (node:internal/modules/cjs/loader:1354:12)
    at wrapModuleLoad (node:internal/modules/cjs/loader:255:19)
    at Module.executeUserEntryPoint [as runMain] (node:internal/modules/run_main:154:5)
────────────────────────────────────────────────────────────────────────────────
[2026-08-05T20:03:35.855Z] [uncaughtException]
Error: listen EADDRINUSE: address already in use :::6089
    at Server.setupListenHandle [as _listen2] (node:net:2008:16)
    at listenInCluster (node:net:2065:12)
    at Server.listen (node:net:2170:7)
    at Object.<anonymous> (/Users/yvesyotatchoffo/Mon Drive/Anyhomes/01_Product/01_MVP/Code/Backend/api_bookaro-lovepreet/server.js:290:13)
    at Module._compile (node:internal/modules/cjs/loader:1829:14)
    at Module._extensions..js (node:internal/modules/cjs/loader:1969:10)
    at Module.load (node:internal/modules/cjs/loader:1552:32)
    at Module._load (node:internal/modules/cjs/loader:1354:12)
    at wrapModuleLoad (node:internal/modules/cjs/loader:255:19)
    at Module.executeUserEntryPoint [as runMain] (node:internal/modules/run_main:154:5)
────────────────────────────────────────────────────────────────────────────────